type,name,url
emote,EWCcrush,https://static-cdn.jtvnw.net/emoticons/v2/emotesv2_91417441b2f24a5299ed7b2a1ce8e7b9/default/light/3.0
emote,BaguetteBreak,https://static-cdn.jtvnw.net/emoticons/v2/emotesv2_33a4d3059d66411cbc0a7d4d5635ec74/animated/dark/3.0
emote,ParisHype,https://static-cdn.jtvnw.net/emoticons/v2/emotesv2_4abd6e1d94a34899818e683a1853b95d/animated/dark/3.0
emote,TSAClappa,https://static-cdn.jtvnw.net/emoticons/v2/emotesv2_b38f7e758a0f4b7f96fe2c0754c8a814/animated/dark/3.0
emote,DeafeSports,https://static-cdn.jtvnw.net/emoticons/v2/emotesv2_8e13364cf4054fd2a36b550d38ef578b/animated/dark/3.0
emote,Chimera7,https://static-cdn.jtvnw.net/emoticons/v2/emotesv2_b1c5f2a287454bbf9e8889090d6400a8/static/dark/3.0
emote,SipTime,https://static-cdn.jtvnw.net/emoticons/v2/emotesv2_ba5ae4be5c724ca59d649fa713ff0730/animated/dark/3.0
emote,GotGood,https://static-cdn.jtvnw.net/emoticons/v2/emotesv2_5d0771d7a54d442fbc49c3965fe33c90/animated/dark/3.0
emote,GotWicked,https://static-cdn.jtvnw.net/emoticons/v2/emotesv2_53491a9cf73749ab99c46776fa084d7a/animated/dark/3.0
emote,IronmouseLuv,https://static-cdn.jtvnw.net/emoticons/v2/emotesv2_54c53ae67ad746d2bc866b6fc779183c/static/dark/3.0
emote,KappaReplacer,https://static-cdn.jtvnw.net/emoticons/v2/emotesv2_7de6575583e44682af236d819e106b86/static/dark/3.0
emote,MegaphoneZ,https://static-cdn.jtvnw.net/emoticons/v2/emotesv2_1b870724ff634b599d4a4643195ca98c/static/dark/3.0
emote,Mafiathon3,https://static-cdn.jtvnw.net/emoticons/v2/emotesv2_d90b16b6a30443d08f745edc4b3646e7/static/dark/3.0
emote,SnakeInBox,https://static-cdn.jtvnw.net/emoticons/v2/emotesv2_9bfe7d5290f4493bab89d3b65fda59bf/animated/dark/3.0
emote,MechaCharge,https://static-cdn.jtvnw.net/emoticons/v2/emotesv2_4a709e77c64a4856b6e104d31b9b0d32/animated/dark/3.0
emote,EleGiggle,https://static-cdn.jtvnw.net/emoticons/v2/emotesv2_cb0cec2c9975497fa093be1c3276dd92/static/dark/3.0
emote,NRWylder,https://static-cdn.jtvnw.net/emoticons/v2/emotesv2_37e6845ef2f14499904b9ef99e7039be/static/dark/3.0
emote,DarthJarJar,https://static-cdn.jtvnw.net/emoticons/v2/emotesv2_d1f3a59775454943b4e2c6a6db8892a2/static/dark/3.0
emote,StreamerU,https://static-cdn.jtvnw.net/emoticons/v2/emotesv2_0815281d279e4fa5a63da5ad847c0de7/static/dark/3.0
emote,ZLANsup,https://static-cdn.jtvnw.net/emoticons/v2/emotesv2_bd02ce011d11477cba6b2753e19fbd55/static/dark/3.0
emote,FeverFighter,https://static-cdn.jtvnw.net/emoticons/v2/emotesv2_fc2f39b6a62c4d7e832993eab17547d2/static/dark/3.0
emote,McDZombieHamburglar,https://static-cdn.jtvnw.net/emoticons/v2/emotesv2_8e1771f1d00840d0b0e681a4b30b60e5/static/dark/3.0
emote,WeDidThat,https://static-cdn.jtvnw.net/emoticons/v2/emotesv2_a7ab2c184e334d4a9784e6e5d51947f7/animated/dark/3.0
emote,PewPewPew,https://static-cdn.jtvnw.net/emoticons/v2/emotesv2_587405136a8147148c77df74baaa1bf4/animated/dark/3.0
emote,Cinheimer,https://static-cdn.jtvnw.net/emoticons/v2/emotesv2_d351c5d5e9084402b30bc39eaa3d92ae/static/dark/3.0
emote,CaitThinking,https://static-cdn.jtvnw.net/emoticons/v2/emotesv2_50b3304bc0884c6792f13615db072a5c/static/dark/3.0
emote,EkkoChest,https://static-cdn.jtvnw.net/emoticons/v2/emotesv2_db169cf5364e4634b529eef8b0616d94/static/dark/3.0
emote,AmbessaLove,https://static-cdn.jtvnw.net/emoticons/v2/emotesv2_a829c76ca15f49a2bf71e1270f83fe83/static/dark/3.0
emote,FeelsVi,https://static-cdn.jtvnw.net/emoticons/v2/emotesv2_4b51b45f35df4dd8ad45a611c9a9ec35/static/dark/3.0
emote,JinxLUL,https://static-cdn.jtvnw.net/emoticons/v2/emotesv2_4e1c5651219a462894aefa8b6720efc5/static/dark/3.0
emote,BratChat,https://static-cdn.jtvnw.net/emoticons/v2/emotesv2_f2fd474fbe964964b2570671575b39ea/static/dark/3.0
emote,BigSad,https://static-cdn.jtvnw.net/emoticons/v2/emotesv2_db3cd788399347a8b2ebfb8a85f5badb/static/dark/3.0
emote,AndalusianCrush,https://static-cdn.jtvnw.net/emoticons/v2/emotesv2_ed53f0877c984ddcadfa500347b1fd0c/static/dark/3.0
emote,GRASSLORD,https://static-cdn.jtvnw.net/emoticons/v2/emotesv2_973cf33af6e14a92b7c5b970a9d55afd/static/dark/3.0
emote,TWITH,https://static-cdn.jtvnw.net/emoticons/v2/emotesv2_5fa0f9da251941988f31b6d7632c021c/static/dark/3.0
emote,SUBtember,https://static-cdn.jtvnw.net/emoticons/v2/emotesv2_bfb533e2253044f3a77d0032b2354c0b/animated/dark/3.0
emote,AnotherRecord,https://static-cdn.jtvnw.net/emoticons/v2/emotesv2_9eade28238d64e83b0219a9025d4692d/static/dark/3.0
emote,BangbooBounce,https://static-cdn.jtvnw.net/emoticons/v2/emotesv2_f9feac06649548448b3127dd9bd7710e/animated/dark/3.0
emote,PopGhost,https://static-cdn.jtvnw.net/emoticons/v2/emotesv2_cff32f43571543828847738e27acf4ef/static/dark/3.0
emote,KingWorldCup,https://static-cdn.jtvnw.net/emoticons/v2/emotesv2_533b8c4a9f6e4bfbb528ad39974e3481/static/dark/3.0
emote,:),https://static-cdn.jtvnw.net/emoticons/v2/1/static/dark/3.0
emote,:/,https://static-cdn.jtvnw.net/emoticons/v2/10/static/dark/3.0
emote,MercyWing1,https://static-cdn.jtvnw.net/emoticons/v2/1003187/static/dark/3.0
emote,MercyWing2,https://static-cdn.jtvnw.net/emoticons/v2/1003189/static/dark/3.0
emote,PinkMercy,https://static-cdn.jtvnw.net/emoticons/v2/1003190/static/dark/3.0
emote,OpieOP,https://static-cdn.jtvnw.net/emoticons/v2/100590/static/dark/3.0
emote,DoritosChip,https://static-cdn.jtvnw.net/emoticons/v2/102242/static/dark/3.0
emote,PJSugar,https://static-cdn.jtvnw.net/emoticons/v2/102556/static/dark/3.0
emote,VoteYea,https://static-cdn.jtvnw.net/emoticons/v2/106293/static/dark/3.0
emote,VoteNay,https://static-cdn.jtvnw.net/emoticons/v2/106294/static/dark/3.0
emote,RuleFive,https://static-cdn.jtvnw.net/emoticons/v2/107030/static/dark/3.0
emote,;),https://static-cdn.jtvnw.net/emoticons/v2/11/static/dark/3.0
emote,DxCat,https://static-cdn.jtvnw.net/emoticons/v2/110734/static/dark/3.0
emote,TinyFace,https://static-cdn.jtvnw.net/emoticons/v2/111119/static/dark/3.0
emote,PicoMause,https://static-cdn.jtvnw.net/emoticons/v2/111300/static/dark/3.0
emote,TheTarFu,https://static-cdn.jtvnw.net/emoticons/v2/111351/static/dark/3.0
emote,DatSheffy,https://static-cdn.jtvnw.net/emoticons/v2/111700/static/dark/3.0
emote,UnSane,https://static-cdn.jtvnw.net/emoticons/v2/111792/static/dark/3.0
emote,copyThis,https://static-cdn.jtvnw.net/emoticons/v2/112288/static/dark/3.0
emote,pastaThat,https://static-cdn.jtvnw.net/emoticons/v2/112289/static/dark/3.0
emote,imGlitch,https://static-cdn.jtvnw.net/emoticons/v2/112290/static/dark/3.0
emote,GivePLZ,https://static-cdn.jtvnw.net/emoticons/v2/112291/static/dark/3.0
emote,TakeNRG,https://static-cdn.jtvnw.net/emoticons/v2/112292/static/dark/3.0
emote,BlargNaut,https://static-cdn.jtvnw.net/emoticons/v2/114738/static/dark/3.0
emote,DogFace,https://static-cdn.jtvnw.net/emoticons/v2/114835/static/dark/3.0
emote,Jebaited,https://static-cdn.jtvnw.net/emoticons/v2/114836/static/dark/3.0
emote,TooSpicy,https://static-cdn.jtvnw.net/emoticons/v2/114846/static/dark/3.0
emote,WTRuck,https://static-cdn.jtvnw.net/emoticons/v2/114847/static/dark/3.0
emote,UncleNox,https://static-cdn.jtvnw.net/emoticons/v2/114856/static/dark/3.0
emote,RaccAttack,https://static-cdn.jtvnw.net/emoticons/v2/114870/static/dark/3.0
emote,StrawBeary,https://static-cdn.jtvnw.net/emoticons/v2/114876/static/dark/3.0
emote,PrimeMe,https://static-cdn.jtvnw.net/emoticons/v2/115075/static/dark/3.0
emote,BrainSlug,https://static-cdn.jtvnw.net/emoticons/v2/115233/static/dark/3.0
emote,BatChest,https://static-cdn.jtvnw.net/emoticons/v2/115234/static/dark/3.0
emote,CurseLit,https://static-cdn.jtvnw.net/emoticons/v2/116625/static/dark/3.0
emote,Poooound,https://static-cdn.jtvnw.net/emoticons/v2/117484/static/dark/3.0
emote,FreakinStinkin,https://static-cdn.jtvnw.net/emoticons/v2/117701/static/dark/3.0
emote,SuperVinlin,https://static-cdn.jtvnw.net/emoticons/v2/118772/static/dark/3.0
emote,:P,https://static-cdn.jtvnw.net/emoticons/v2/12/static/dark/3.0
emote,TriHard,https://static-cdn.jtvnw.net/emoticons/v2/120232/static/dark/3.0
emote,TwitchRPG,https://static-cdn.jtvnw.net/emoticons/v2/1220086/static/dark/3.0
emote,CoolStoryBob,https://static-cdn.jtvnw.net/emoticons/v2/123171/static/dark/3.0
emote,MaxLOL,https://static-cdn.jtvnw.net/emoticons/v2/1290325/static/dark/3.0
emote,;P,https://static-cdn.jtvnw.net/emoticons/v2/13/static/dark/3.0
emote,ItsBoshyTime,https://static-cdn.jtvnw.net/emoticons/v2/133468/static/dark/3.0
emote,KAPOW,https://static-cdn.jtvnw.net/emoticons/v2/133537/static/dark/3.0
emote,YouDontSay,https://static-cdn.jtvnw.net/emoticons/v2/134254/static/dark/3.0
emote,UWot,https://static-cdn.jtvnw.net/emoticons/v2/134255/static/dark/3.0
emote,RlyTho,https://static-cdn.jtvnw.net/emoticons/v2/134256/static/dark/3.0
emote,PartyTime,https://static-cdn.jtvnw.net/emoticons/v2/135393/static/dark/3.0
emote,NinjaGrumpy,https://static-cdn.jtvnw.net/emoticons/v2/138325/static/dark/3.0
emote,R),https://static-cdn.jtvnw.net/emoticons/v2/14/static/dark/3.0
emote,MVGame,https://static-cdn.jtvnw.net/emoticons/v2/142140/static/dark/3.0
emote,TBAngel,https://static-cdn.jtvnw.net/emoticons/v2/143490/static/dark/3.0
emote,FBRun,https://static-cdn.jtvnw.net/emoticons/v2/1441261/static/dark/3.0
emote,FBPass,https://static-cdn.jtvnw.net/emoticons/v2/1441271/static/dark/3.0
emote,FBSpiral,https://static-cdn.jtvnw.net/emoticons/v2/1441273/static/dark/3.0
emote,FBBlock,https://static-cdn.jtvnw.net/emoticons/v2/1441276/static/dark/3.0
emote,FBCatch,https://static-cdn.jtvnw.net/emoticons/v2/1441281/static/dark/3.0
emote,FBChallenge,https://static-cdn.jtvnw.net/emoticons/v2/1441285/static/dark/3.0
emote,FBPenalty,https://static-cdn.jtvnw.net/emoticons/v2/1441289/static/dark/3.0
emote,TheIlluminati,https://static-cdn.jtvnw.net/emoticons/v2/145315/static/dark/3.0
emote,JKanStyle,https://static-cdn.jtvnw.net/emoticons/v2/15/static/dark/3.0
emote,PixelBob,https://static-cdn.jtvnw.net/emoticons/v2/1547903/static/dark/3.0
emote,MorphinTime,https://static-cdn.jtvnw.net/emoticons/v2/156787/static/dark/3.0
emote,OptimizePrime,https://static-cdn.jtvnw.net/emoticons/v2/16/static/dark/3.0
emote,ThankEgg,https://static-cdn.jtvnw.net/emoticons/v2/160392/static/dark/3.0
emote,BegWan,https://static-cdn.jtvnw.net/emoticons/v2/160394/static/dark/3.0
emote,BigPhish,https://static-cdn.jtvnw.net/emoticons/v2/160395/static/dark/3.0
emote,InuyoFace,https://static-cdn.jtvnw.net/emoticons/v2/160396/static/dark/3.0
emote,Kappu,https://static-cdn.jtvnw.net/emoticons/v2/160397/static/dark/3.0
emote,KonCha,https://static-cdn.jtvnw.net/emoticons/v2/160400/static/dark/3.0
emote,PunOko,https://static-cdn.jtvnw.net/emoticons/v2/160401/static/dark/3.0
emote,SabaPing,https://static-cdn.jtvnw.net/emoticons/v2/160402/static/dark/3.0
emote,TearGlove,https://static-cdn.jtvnw.net/emoticons/v2/160403/static/dark/3.0
emote,TehePelo,https://static-cdn.jtvnw.net/emoticons/v2/160404/static/dark/3.0
emote,TwitchLit,https://static-cdn.jtvnw.net/emoticons/v2/166263/static/dark/3.0
emote,CarlSmile,https://static-cdn.jtvnw.net/emoticons/v2/166266/static/dark/3.0
emote,StoneLightning,https://static-cdn.jtvnw.net/emoticons/v2/17/static/dark/3.0
emote,HolidayCookie,https://static-cdn.jtvnw.net/emoticons/v2/1713813/static/dark/3.0
emote,HolidayLog,https://static-cdn.jtvnw.net/emoticons/v2/1713816/static/dark/3.0
emote,HolidayPresent,https://static-cdn.jtvnw.net/emoticons/v2/1713819/static/dark/3.0
emote,HolidaySanta,https://static-cdn.jtvnw.net/emoticons/v2/1713822/static/dark/3.0
emote,HolidayTree,https://static-cdn.jtvnw.net/emoticons/v2/1713825/static/dark/3.0
emote,TheRinger,https://static-cdn.jtvnw.net/emoticons/v2/18/static/dark/3.0
emote,WholeWheat,https://static-cdn.jtvnw.net/emoticons/v2/1896/static/dark/3.0
emote,ThunBeast,https://static-cdn.jtvnw.net/emoticons/v2/1898/static/dark/3.0
emote,TF2John,https://static-cdn.jtvnw.net/emoticons/v2/1899/static/dark/3.0
emote,RalpherZ,https://static-cdn.jtvnw.net/emoticons/v2/1900/static/dark/3.0
emote,Kippa,https://static-cdn.jtvnw.net/emoticons/v2/1901/static/dark/3.0
emote,Keepo,https://static-cdn.jtvnw.net/emoticons/v2/1902/static/dark/3.0
emote,BigBrother,https://static-cdn.jtvnw.net/emoticons/v2/1904/static/dark/3.0
emote,SoBayed,https://static-cdn.jtvnw.net/emoticons/v2/1906/static/dark/3.0
emote,CrreamAwk,https://static-cdn.jtvnw.net/emoticons/v2/191313/static/dark/3.0
emote,Squid1,https://static-cdn.jtvnw.net/emoticons/v2/191762/static/dark/3.0
emote,Squid2,https://static-cdn.jtvnw.net/emoticons/v2/191763/static/dark/3.0
emote,Squid3,https://static-cdn.jtvnw.net/emoticons/v2/191764/static/dark/3.0
emote,Squid4,https://static-cdn.jtvnw.net/emoticons/v2/191767/static/dark/3.0
emote,TwitchUnity,https://static-cdn.jtvnw.net/emoticons/v2/196892/static/dark/3.0
emote,HassaanChop,https://static-cdn.jtvnw.net/emoticons/v2/20225/static/dark/3.0
emote,SoonerLater,https://static-cdn.jtvnw.net/emoticons/v2/2113050/static/dark/3.0
emote,RedCoat,https://static-cdn.jtvnw.net/emoticons/v2/22/static/dark/3.0
emote,BabyRage,https://static-cdn.jtvnw.net/emoticons/v2/22639/static/dark/3.0
emote,panicBasket,https://static-cdn.jtvnw.net/emoticons/v2/22998/static/dark/3.0
emote,FUNgineer,https://static-cdn.jtvnw.net/emoticons/v2/244/static/dark/3.0
emote,ResidentSleeper,https://static-cdn.jtvnw.net/emoticons/v2/245/static/dark/3.0
emote,Kappa,https://static-cdn.jtvnw.net/emoticons/v2/25/static/dark/3.0
emote,JonCarnage,https://static-cdn.jtvnw.net/emoticons/v2/26/static/dark/3.0
emote,PermaSmug,https://static-cdn.jtvnw.net/emoticons/v2/27509/static/dark/3.0
emote,BuddhaBar,https://static-cdn.jtvnw.net/emoticons/v2/27602/static/dark/3.0
emote,MrDestructoid,https://static-cdn.jtvnw.net/emoticons/v2/28/static/dark/3.0
emote,WutFace,https://static-cdn.jtvnw.net/emoticons/v2/28087/static/dark/3.0
emote,PRChase,https://static-cdn.jtvnw.net/emoticons/v2/28328/static/dark/3.0
emote,BCWarrior,https://static-cdn.jtvnw.net/emoticons/v2/30/static/dark/3.0
emote,TwitchSings,https://static-cdn.jtvnw.net/emoticons/v2/300116344/static/dark/3.0
emote,SingsMic,https://static-cdn.jtvnw.net/emoticons/v2/300116349/static/dark/3.0
emote,SingsNote,https://static-cdn.jtvnw.net/emoticons/v2/300116350/static/dark/3.0
emote,Mau5,https://static-cdn.jtvnw.net/emoticons/v2/30134/static/dark/3.0
emote,BOP,https://static-cdn.jtvnw.net/emoticons/v2/301428702/static/dark/3.0
emote,VirtualHug,https://static-cdn.jtvnw.net/emoticons/v2/301696583/static/dark/3.0
emote,ExtraLife,https://static-cdn.jtvnw.net/emoticons/v2/302426269/static/dark/3.0
emote,BlackLivesMatter,https://static-cdn.jtvnw.net/emoticons/v2/302537250/static/dark/3.0
emote,HeyGuys,https://static-cdn.jtvnw.net/emoticons/v2/30259/static/dark/3.0
emote,FootBall,https://static-cdn.jtvnw.net/emoticons/v2/302628600/static/dark/3.0
emote,FootYellow,https://static-cdn.jtvnw.net/emoticons/v2/302628613/static/dark/3.0
emote,FootGoal,https://static-cdn.jtvnw.net/emoticons/v2/302628617/static/dark/3.0
emote,GlitchCat,https://static-cdn.jtvnw.net/emoticons/v2/304486301/static/dark/3.0
emote,StinkyGlitch,https://static-cdn.jtvnw.net/emoticons/v2/304486324/static/dark/3.0
emote,GlitchLit,https://static-cdn.jtvnw.net/emoticons/v2/304489128/static/dark/3.0
emote,GlitchNRG,https://static-cdn.jtvnw.net/emoticons/v2/304489309/static/dark/3.0
emote,PogChamp,https://static-cdn.jtvnw.net/emoticons/v2/305954156/static/dark/3.0
emote,AsexualPride,https://static-cdn.jtvnw.net/emoticons/v2/307827267/static/dark/3.0
emote,BisexualPride,https://static-cdn.jtvnw.net/emoticons/v2/307827313/static/dark/3.0
emote,GayPride,https://static-cdn.jtvnw.net/emoticons/v2/307827321/static/dark/3.0
emote,GenderFluidPride,https://static-cdn.jtvnw.net/emoticons/v2/307827326/static/dark/3.0
emote,IntersexPride,https://static-cdn.jtvnw.net/emoticons/v2/307827332/static/dark/3.0
emote,LesbianPride,https://static-cdn.jtvnw.net/emoticons/v2/307827340/static/dark/3.0
emote,NonbinaryPride,https://static-cdn.jtvnw.net/emoticons/v2/307827356/static/dark/3.0
emote,PansexualPride,https://static-cdn.jtvnw.net/emoticons/v2/307827370/static/dark/3.0
emote,TransgenderPride,https://static-cdn.jtvnw.net/emoticons/v2/307827377/static/dark/3.0
emote,GingerPower,https://static-cdn.jtvnw.net/emoticons/v2/32/static/dark/3.0
emote,TPcrunchyroll,https://static-cdn.jtvnw.net/emoticons/v2/323914/static/dark/3.0
emote,DansGame,https://static-cdn.jtvnw.net/emoticons/v2/33/static/dark/3.0
emote,SwiftRage,https://static-cdn.jtvnw.net/emoticons/v2/34/static/dark/3.0
emote,PeoplesChamp,https://static-cdn.jtvnw.net/emoticons/v2/3412/static/dark/3.0
emote,NotATK,https://static-cdn.jtvnw.net/emoticons/v2/34875/static/dark/3.0
emote,mcaT,https://static-cdn.jtvnw.net/emoticons/v2/35063/static/dark/3.0
emote,4Head,https://static-cdn.jtvnw.net/emoticons/v2/354/static/dark/3.0
emote,HotPokket,https://static-cdn.jtvnw.net/emoticons/v2/357/static/dark/3.0
emote,PJSalt,https://static-cdn.jtvnw.net/emoticons/v2/36/static/dark/3.0
emote,FailFish,https://static-cdn.jtvnw.net/emoticons/v2/360/static/dark/3.0
emote,GrammarKing,https://static-cdn.jtvnw.net/emoticons/v2/3632/static/dark/3.0
emote,PanicVis,https://static-cdn.jtvnw.net/emoticons/v2/3668/static/dark/3.0
emote,EntropyWins,https://static-cdn.jtvnw.net/emoticons/v2/376765/static/dark/3.0
emote,ANELE,https://static-cdn.jtvnw.net/emoticons/v2/3792/static/dark/3.0
emote,TTours,https://static-cdn.jtvnw.net/emoticons/v2/38436/static/dark/3.0
emote,PraiseIt,https://static-cdn.jtvnw.net/emoticons/v2/38586/static/dark/3.0
emote,>(,https://static-cdn.jtvnw.net/emoticons/v2/4/static/dark/3.0
emote,KevinTurtle,https://static-cdn.jtvnw.net/emoticons/v2/40/static/dark/3.0
emote,BrokeBack,https://static-cdn.jtvnw.net/emoticons/v2/4057/static/dark/3.0
emote,Kreygasm,https://static-cdn.jtvnw.net/emoticons/v2/41/static/dark/3.0
emote,PipeHype,https://static-cdn.jtvnw.net/emoticons/v2/4240/static/dark/3.0
emote,LUL,https://static-cdn.jtvnw.net/emoticons/v2/425618/static/dark/3.0
emote,PowerUpR,https://static-cdn.jtvnw.net/emoticons/v2/425671/static/dark/3.0
emote,PowerUpL,https://static-cdn.jtvnw.net/emoticons/v2/425688/static/dark/3.0
emote,YouWHY,https://static-cdn.jtvnw.net/emoticons/v2/4337/static/dark/3.0
emote,RitzMitz,https://static-cdn.jtvnw.net/emoticons/v2/4338/static/dark/3.0
emote,HSCheers,https://static-cdn.jtvnw.net/emoticons/v2/444572/static/dark/3.0
emote,HSWP,https://static-cdn.jtvnw.net/emoticons/v2/446979/static/dark/3.0
emote,SSSsss,https://static-cdn.jtvnw.net/emoticons/v2/46/static/dark/3.0
emote,DarkMode,https://static-cdn.jtvnw.net/emoticons/v2/461298/static/dark/3.0
emote,PunchTrees,https://static-cdn.jtvnw.net/emoticons/v2/47/static/dark/3.0
emote,TwitchVotes,https://static-cdn.jtvnw.net/emoticons/v2/479745/static/dark/3.0
emote,CorgiDerp,https://static-cdn.jtvnw.net/emoticons/v2/49106/static/dark/3.0
emote,:|,https://static-cdn.jtvnw.net/emoticons/v2/5/static/dark/3.0
emote,ArsonNoSexy,https://static-cdn.jtvnw.net/emoticons/v2/50/static/dark/3.0
emote,TPFufun,https://static-cdn.jtvnw.net/emoticons/v2/508650/static/dark/3.0
emote,ArgieB8,https://static-cdn.jtvnw.net/emoticons/v2/51838/static/dark/3.0
emote,SMOrc,https://static-cdn.jtvnw.net/emoticons/v2/52/static/dark/3.0
emote,ShadyLulu,https://static-cdn.jtvnw.net/emoticons/v2/52492/static/dark/3.0
emote,KappaPride,https://static-cdn.jtvnw.net/emoticons/v2/55338/static/dark/3.0
emote,:-),https://static-cdn.jtvnw.net/emoticons/v2/555555557/static/dark/3.0
emote,:(,https://static-cdn.jtvnw.net/emoticons/v2/555555559/static/dark/3.0
emote,:-(,https://static-cdn.jtvnw.net/emoticons/v2/555555559/static/dark/3.0
emote,:D,https://static-cdn.jtvnw.net/emoticons/v2/555555561/static/dark/3.0
emote,:-D,https://static-cdn.jtvnw.net/emoticons/v2/555555561/static/dark/3.0
emote,>(,https://static-cdn.jtvnw.net/emoticons/v2/555555562/static/dark/3.0
emote,:|,https://static-cdn.jtvnw.net/emoticons/v2/555555568/static/dark/3.0
emote,:-|,https://static-cdn.jtvnw.net/emoticons/v2/555555568/static/dark/3.0
emote,:z,https://static-cdn.jtvnw.net/emoticons/v2/555555568/static/dark/3.0
emote,:-z,https://static-cdn.jtvnw.net/emoticons/v2/555555568/static/dark/3.0
emote,:Z,https://static-cdn.jtvnw.net/emoticons/v2/555555568/static/dark/3.0
emote,:-Z,https://static-cdn.jtvnw.net/emoticons/v2/555555568/static/dark/3.0
emote,O_o,https://static-cdn.jtvnw.net/emoticons/v2/555555576/static/dark/3.0
emote,O.o,https://static-cdn.jtvnw.net/emoticons/v2/555555576/static/dark/3.0
emote,O_O,https://static-cdn.jtvnw.net/emoticons/v2/555555576/static/dark/3.0
emote,O.O,https://static-cdn.jtvnw.net/emoticons/v2/555555576/static/dark/3.0
emote,o_O,https://static-cdn.jtvnw.net/emoticons/v2/555555576/static/dark/3.0
emote,o.O,https://static-cdn.jtvnw.net/emoticons/v2/555555576/static/dark/3.0
emote,o_o,https://static-cdn.jtvnw.net/emoticons/v2/555555576/static/dark/3.0
emote,o.o,https://static-cdn.jtvnw.net/emoticons/v2/555555576/static/dark/3.0
emote,B),https://static-cdn.jtvnw.net/emoticons/v2/555555577/static/dark/3.0
emote,B-),https://static-cdn.jtvnw.net/emoticons/v2/555555578/static/dark/3.0
emote,8-),https://static-cdn.jtvnw.net/emoticons/v2/555555579/static/dark/3.0
emote,:O,https://static-cdn.jtvnw.net/emoticons/v2/555555580/static/dark/3.0
emote,:-O,https://static-cdn.jtvnw.net/emoticons/v2/555555581/static/dark/3.0
emote,:o,https://static-cdn.jtvnw.net/emoticons/v2/555555582/static/dark/3.0
emote,:-o,https://static-cdn.jtvnw.net/emoticons/v2/555555583/static/dark/3.0
emote,<3,https://static-cdn.jtvnw.net/emoticons/v2/555555584/static/dark/3.0
emote,:/,https://static-cdn.jtvnw.net/emoticons/v2/555555585/static/dark/3.0
emote,:-/,https://static-cdn.jtvnw.net/emoticons/v2/555555586/static/dark/3.0
emote,:\,https://static-cdn.jtvnw.net/emoticons/v2/555555587/static/dark/3.0
emote,:-\,https://static-cdn.jtvnw.net/emoticons/v2/555555588/static/dark/3.0
emote,;),https://static-cdn.jtvnw.net/emoticons/v2/555555589/static/dark/3.0
emote,;-),https://static-cdn.jtvnw.net/emoticons/v2/555555590/static/dark/3.0
emote,:P,https://static-cdn.jtvnw.net/emoticons/v2/555555591/static/dark/3.0
emote,:-P,https://static-cdn.jtvnw.net/emoticons/v2/555555592/static/dark/3.0
emote,:p,https://static-cdn.jtvnw.net/emoticons/v2/555555593/static/dark/3.0
emote,:-p,https://static-cdn.jtvnw.net/emoticons/v2/555555596/static/dark/3.0
emote,;P,https://static-cdn.jtvnw.net/emoticons/v2/555555595/static/dark/3.0
emote,;-P,https://static-cdn.jtvnw.net/emoticons/v2/555555596/static/dark/3.0
emote,;p,https://static-cdn.jtvnw.net/emoticons/v2/555555597/static/dark/3.0
emote,;-p,https://static-cdn.jtvnw.net/emoticons/v2/555555598/static/dark/3.0
emote,R),https://static-cdn.jtvnw.net/emoticons/v2/555555599/static/dark/3.0
emote,R-),https://static-cdn.jtvnw.net/emoticons/v2/555555600/static/dark/3.0
emote,CoolCat,https://static-cdn.jtvnw.net/emoticons/v2/58127/static/dark/3.0
emote,DendiFace,https://static-cdn.jtvnw.net/emoticons/v2/58135/static/dark/3.0
emote,NotLikeThis,https://static-cdn.jtvnw.net/emoticons/v2/58765/static/dark/3.0
emote,O_o,https://static-cdn.jtvnw.net/emoticons/v2/6/static/dark/3.0
emote,FBtouchdown,https://static-cdn.jtvnw.net/emoticons/v2/626795/static/dark/3.0
emote,riPepperonis,https://static-cdn.jtvnw.net/emoticons/v2/62833/static/dark/3.0
emote,duDudu,https://static-cdn.jtvnw.net/emoticons/v2/62834/static/dark/3.0
emote,bleedPurple,https://static-cdn.jtvnw.net/emoticons/v2/62835/static/dark/3.0
emote,twitchRaid,https://static-cdn.jtvnw.net/emoticons/v2/62836/static/dark/3.0
emote,SeemsGood,https://static-cdn.jtvnw.net/emoticons/v2/64138/static/dark/3.0
emote,FrankerZ,https://static-cdn.jtvnw.net/emoticons/v2/65/static/dark/3.0
emote,OneHand,https://static-cdn.jtvnw.net/emoticons/v2/66/static/dark/3.0
emote,MingLee,https://static-cdn.jtvnw.net/emoticons/v2/68856/static/dark/3.0
emote,BloodTrail,https://static-cdn.jtvnw.net/emoticons/v2/69/static/dark/3.0
emote,B),https://static-cdn.jtvnw.net/emoticons/v2/7/static/dark/3.0
emote,KappaRoss,https://static-cdn.jtvnw.net/emoticons/v2/70433/static/dark/3.0
emote,PopCorn,https://static-cdn.jtvnw.net/emoticons/v2/724216/static/dark/3.0
emote,DBstyle,https://static-cdn.jtvnw.net/emoticons/v2/73/static/dark/3.0
emote,AsianGlow,https://static-cdn.jtvnw.net/emoticons/v2/74/static/dark/3.0
emote,TheThing,https://static-cdn.jtvnw.net/emoticons/v2/7427/static/dark/3.0
emote,KappaClaus,https://static-cdn.jtvnw.net/emoticons/v2/74510/static/dark/3.0
emote,:O,https://static-cdn.jtvnw.net/emoticons/v2/8/static/dark/3.0
emote,OhMyDog,https://static-cdn.jtvnw.net/emoticons/v2/81103/static/dark/3.0
emote,OSFrog,https://static-cdn.jtvnw.net/emoticons/v2/81248/static/dark/3.0
emote,SeriousSloth,https://static-cdn.jtvnw.net/emoticons/v2/81249/static/dark/3.0
emote,KomodoHype,https://static-cdn.jtvnw.net/emoticons/v2/81273/static/dark/3.0
emote,VoHiYo,https://static-cdn.jtvnw.net/emoticons/v2/81274/static/dark/3.0
emote,MikeHogu,https://static-cdn.jtvnw.net/emoticons/v2/81636/static/dark/3.0
emote,KappaWealth,https://static-cdn.jtvnw.net/emoticons/v2/81997/static/dark/3.0
emote,cmonBruh,https://static-cdn.jtvnw.net/emoticons/v2/84608/static/dark/3.0
emote,TombRaid,https://static-cdn.jtvnw.net/emoticons/v2/864205/static/dark/3.0
emote,ShazBotstix,https://static-cdn.jtvnw.net/emoticons/v2/87/static/dark/3.0
emote,SmoocherZ,https://static-cdn.jtvnw.net/emoticons/v2/89945/static/dark/3.0
emote,NomNom,https://static-cdn.jtvnw.net/emoticons/v2/90075/static/dark/3.0
emote,StinkyCheese,https://static-cdn.jtvnw.net/emoticons/v2/90076/static/dark/3.0
emote,ChefFrank,https://static-cdn.jtvnw.net/emoticons/v2/90129/static/dark/3.0
emote,PMSTwin,https://static-cdn.jtvnw.net/emoticons/v2/92/static/dark/3.0
emote,EarthDay,https://static-cdn.jtvnw.net/emoticons/v2/959018/static/dark/3.0
emote,PartyHat,https://static-cdn.jtvnw.net/emoticons/v2/965738/static/dark/3.0
emote,DAESuppy,https://static-cdn.jtvnw.net/emoticons/v2/973/static/dark/3.0
emote,FutureMan,https://static-cdn.jtvnw.net/emoticons/v2/98562/static/dark/3.0
emote,Jebasted,https://static-cdn.jtvnw.net/emoticons/v2/emotesv2_031bf329c21040a897d55ef471da3dd3/static/dark/3.0
emote,MechaRobot,https://static-cdn.jtvnw.net/emoticons/v2/emotesv2_0be25a1663bd472495b91e0302cec166/static/dark/3.0
emote,FlawlessVictory,https://static-cdn.jtvnw.net/emoticons/v2/emotesv2_0cb91e8a01c741fe9d4a0607f70395db/static/dark/3.0
emote,ChewyYAY,https://static-cdn.jtvnw.net/emoticons/v2/emotesv2_0e0a3592d8334ef5a1cfcae6f3e76acb/static/dark/3.0
emote,RyuChamp,https://static-cdn.jtvnw.net/emoticons/v2/emotesv2_0ebc590ba68447269831af61d8bc9e0d/static/dark/3.0
emote,TwitchConHYPE,https://static-cdn.jtvnw.net/emoticons/v2/emotesv2_13b6dd7f3a3146ef8dc10f66d8b42a96/animated/dark/3.0
emote,NiceTry,https://static-cdn.jtvnw.net/emoticons/v2/emotesv2_1f524be9838146e3bc9e529c17f797d3/static/dark/3.0
emote,WhySoSerious,https://static-cdn.jtvnw.net/emoticons/v2/emotesv2_1fda4a1b40094c93af334f8b60868a7c/static/dark/3.0
emote,FallCry,https://static-cdn.jtvnw.net/emoticons/v2/emotesv2_2734f1a85677416a9d8f846a2d1b4721/static/dark/3.0
emote,Getcamped,https://static-cdn.jtvnw.net/emoticons/v2/emotesv2_291135bb36d24d33bf53860128b5095c/static/dark/3.0
emote,PogBones,https://static-cdn.jtvnw.net/emoticons/v2/emotesv2_30050f4353aa4322b25b6b044703e5d1/static/dark/3.0
emote,CaitlynS,https://static-cdn.jtvnw.net/emoticons/v2/emotesv2_4acac638cffb4db49f376059f7077dae/static/dark/3.0
emote,PoroSad,https://static-cdn.jtvnw.net/emoticons/v2/emotesv2_4c39207000564711868f3196cc0a8748/static/dark/3.0
emote,HungryPaimon,https://static-cdn.jtvnw.net/emoticons/v2/emotesv2_535e40afa0b34a9481997627b1b47d96/static/dark/3.0
emote,NewRecord,https://static-cdn.jtvnw.net/emoticons/v2/emotesv2_53f6a6af8b0e453d874bbefee49b3e73/static/dark/3.0
emote,PopNemo,https://static-cdn.jtvnw.net/emoticons/v2/emotesv2_5d523adb8bbb4786821cd7091e47da21/animated/dark/3.0
emote,Lechonk,https://static-cdn.jtvnw.net/emoticons/v2/emotesv2_665235901db747b1bd395a5f1c0ab8a9/static/dark/3.0
emote,KEKHeim,https://static-cdn.jtvnw.net/emoticons/v2/emotesv2_7c5d25facc384c47963d25a5057a0b40/static/dark/3.0
emote,FallHalp,https://static-cdn.jtvnw.net/emoticons/v2/emotesv2_7f9b025d534544afaf679e13fbd47b88/static/dark/3.0
emote,Shush,https://static-cdn.jtvnw.net/emoticons/v2/emotesv2_819621bcb8f44566a1bd8ea63d06c58f/static/dark/3.0
emote,FamilyMan,https://static-cdn.jtvnw.net/emoticons/v2/emotesv2_89f3f0761c7b4f708061e9e4be3b7d17/static/dark/3.0
emote,HarleyWink,https://static-cdn.jtvnw.net/emoticons/v2/emotesv2_8b0ac3eee4274a75868e3d0686d7b6f7/static/dark/3.0
emote,PikaRamen,https://static-cdn.jtvnw.net/emoticons/v2/emotesv2_a25ad7124e584c949e2f63917e3d747a/static/dark/3.0
emote,ModLove,https://static-cdn.jtvnw.net/emoticons/v2/emotesv2_a2dfbbbbf66f4a75b0f53db841523e6c/static/dark/3.0
emote,LionOfYara,https://static-cdn.jtvnw.net/emoticons/v2/emotesv2_adfadf0ae06a4258adc865761746b227/static/dark/3.0
emote,ImTyping,https://static-cdn.jtvnw.net/emoticons/v2/emotesv2_b0c6ccb3b12b4f99a9cc83af365a09f1/static/dark/3.0
emote,MyAvatar,https://static-cdn.jtvnw.net/emoticons/v2/emotesv2_c0c9c932c82244ff920ad2134be90afb/static/dark/3.0
emote,GoldPLZ,https://static-cdn.jtvnw.net/emoticons/v2/emotesv2_c1f4899e65cf4f53b2fd98e15733973a/animated/dark/3.0
emote,DarkKnight,https://static-cdn.jtvnw.net/emoticons/v2/emotesv2_d9567e500d78441793bee538dcabc1da/static/dark/3.0
emote,ForSigmar,https://static-cdn.jtvnw.net/emoticons/v2/emotesv2_db3385fb0ea54913bf58fa5554edfdf2/static/dark/3.0
emote,DinoDance,https://static-cdn.jtvnw.net/emoticons/v2/emotesv2_dcd06b30a5c24f6eb871e8f5edbd44f7/animated/dark/3.0
emote,FallWinning,https://static-cdn.jtvnw.net/emoticons/v2/emotesv2_dee4ecfb7f0940bead9765da02c57ca9/static/dark/3.0
emote,PotFriend,https://static-cdn.jtvnw.net/emoticons/v2/emotesv2_e02650251d204198923de93a0c62f5f5/static/dark/3.0
emote,GoatEmotey,https://static-cdn.jtvnw.net/emoticons/v2/emotesv2_e41e4d6808224f25ae1fb625aa26de63/animated/dark/3.0
emote,LaundryBasket,https://static-cdn.jtvnw.net/emoticons/v2/emotesv2_ecb0bfd49b3c4325864b948d46c8152b/static/dark/3.0
emote,PizzaTime,https://static-cdn.jtvnw.net/emoticons/v2/emotesv2_f202746ed88f4e7c872b50b1f7fd78cc/static/dark/3.0
emote,SUBprise,https://static-cdn.jtvnw.net/emoticons/v2/emotesv2_fcbeed664f7c47d6ba3b57691275ef51/static/dark/3.0
emote,VenaOMG,https://static-cdn.jtvnw.net/emoticons/v2/emotesv2_901f288055f342a1bd821bc2b8875f80/default/light/3.0
emote,VenaEYY,https://static-cdn.jtvnw.net/emoticons/v2/emotesv2_3765fc30215840209bc2c219dbe017e8/default/light/3.0
emote,VenaLost,https://static-cdn.jtvnw.net/emoticons/v2/emotesv2_c4fc01a6052e491cbbae6f7a180e8584/default/light/3.0
emote,VenaYikes,https://static-cdn.jtvnw.net/emoticons/v2/302856986/default/light/2.0
emote,VenaWave,https://static-cdn.jtvnw.net/emoticons/v2/132130/default/light/3.0
emote,VenaGun,https://static-cdn.jtvnw.net/emoticons/v2/300842663/default/light/3.0
emote,venaLul,https://static-cdn.jtvnw.net/emoticons/v2/300240348/default/light/3.0
emote,venaChef,https://static-cdn.jtvnw.net/emoticons/v2/emotesv2_7aece38fb27e41d292887bbc38266439/default/light/3.0
emote,VenaChaos,https://static-cdn.jtvnw.net/emoticons/v2/emotesv2_016f01c9444148e498b823e04b8edf9e/default/light/3.0
emote,venaCash,https://static-cdn.jtvnw.net/emoticons/v2/emotesv2_a53471af139c48b3ab4189892756e082/default/light/3.0
emote,venaMarch,https://static-cdn.jtvnw.net/emoticons/v2/emotesv2_715fab3673c74deead2799c7e380e90b/default/light/3.0
emote,venaNote,https://static-cdn.jtvnw.net/emoticons/v2/emotesv2_30e70c7e3d1a470c93eb994129430d0e/default/light/3.0
emote,venaRave,https://static-cdn.jtvnw.net/emoticons/v2/emotesv2_f2a78539e99346518b0b0101efffc367/default/light/3.0
emote,VenaFine,https://static-cdn.jtvnw.net/emoticons/v2/emotesv2_013e462c2fa24c88b8b7d987e12b70e8/default/light/3.0
emote,VenaStinky,https://static-cdn.jtvnw.net/emoticons/v2/emotesv2_12912e261243443ba176b6776ef2949b/default/light/3.0
emote,VenaRaid,https://static-cdn.jtvnw.net/emoticons/v2/emotesv2_cd26ee3992c0444fbef588e5d6ead7e5/default/light/3.0
emote,VenaSad,https://static-cdn.jtvnw.net/emoticons/v2/emotesv2_9423504edd714271aae10a933f2b467d/default/light/3.0
emote,VenaGet,https://static-cdn.jtvnw.net/emoticons/v2/emotesv2_910cb0c710b543ddb0c16c9a59b6e819/default/light/3.0
emote,VenaClick,https://static-cdn.jtvnw.net/emoticons/v2/emotesv2_cb6fc461b9374e7a9d261136e7e719af/default/light/3.0
emote,VenaClap,https://static-cdn.jtvnw.net/emoticons/v2/emotesv2_fd473d6a37fc436fbbd61a9eafaed653/default/light/3.0
emote,VenaGimme,https://static-cdn.jtvnw.net/emoticons/v2/emotesv2_344582248408467cb1749a831f2af560/default/light/3.0
emote,VenaBoo,https://static-cdn.jtvnw.net/emoticons/v2/emotesv2_e9a30a25eb1e4993bd6e5c0b39266017/default/light/3.0
emote,VenaBoo2,https://static-cdn.jtvnw.net/emoticons/v2/emotesv2_ddb7c11f90174baa847dfe0cf0b83106/default/light/3.0
emote,VenaHusk,https://static-cdn.jtvnw.net/emoticons/v2/emotesv2_1016adb8093e417386b84d7a1b733f69/default/light/3.0
emote,VenaBrows,https://static-cdn.jtvnw.net/emoticons/v2/emotesv2_77d94271bbbe45d2a525b97797ca20f2/default/light/3.0
emote,venaSmirk,https://static-cdn.jtvnw.net/emoticons/v2/emotesv2_64dc984e067d437ea6ab123295db9d87/default/light/3.0
emote,venaCoffee,https://static-cdn.jtvnw.net/emoticons/v2/emotesv2_956eeb420a4b4c498414269edad16484/default/light/3.0
emote,venaBling,https://static-cdn.jtvnw.net/emoticons/v2/emotesv2_fbb64fc50f7c41049514ce9ea933b5c9/default/light/3.0
emote,VenaHypno,https://static-cdn.jtvnw.net/emoticons/v2/emotesv2_ea863fdcf9d443bc8ae2e15aaea8cfb0/default/light/3.0
emote,VenaQTip,https://static-cdn.jtvnw.net/emoticons/v2/emotesv2_3ea55c9cb31a4eecbc8f5958a8e9869b/default/light/3.0
emote,VenaToss,https://static-cdn.jtvnw.net/emoticons/v2/emotesv2_bce1dbd393f04006a77a9efd8075c259/default/light/3.0
emote,VenaDyslexia,https://static-cdn.jtvnw.net/emoticons/v2/emotesv2_120cdf31c8664989b1d08d62bf20cd6d/default/light/3.0
emote,VenaBlubbers,https://static-cdn.jtvnw.net/emoticons/v2/emotesv2_c47fcab135da40bcaea60a7a9afd7d08/default/light/3.0
emote,VenaMeatball,https://static-cdn.jtvnw.net/emoticons/v2/emotesv2_e4eb0e4daf5f4339a158a85330b73482/default/light/3.0
emote,venaTack,https://static-cdn.jtvnw.net/emoticons/v2/emotesv2_2e875bbe35514eca9c00fc0ff0c83bf2/default/light/3.0
emote,VenaShake,https://static-cdn.jtvnw.net/emoticons/v2/emotesv2_1bfa8cfc036e456fb4d8e6b5689d8586/default/light/3.0
emote,VenaStir,https://static-cdn.jtvnw.net/emoticons/v2/emotesv2_351d2d96d5ad4e8a894b45471c0c7e68/default/light/3.0
emote,VenaFlip,https://static-cdn.jtvnw.net/emoticons/v2/emotesv2_96e5b63d572d4fada1090517225e8ff7/default/light/3.0
emote,venaThumb,https://static-cdn.jtvnw.net/emoticons/v2/emotesv2_bb9178dd88d1423c8dda8f0da2c65bee/default/light/3.0
emote,VenaWhip,https://static-cdn.jtvnw.net/emoticons/v2/emotesv2_98c8de21dc04493fbc642793400e2783/default/dark/3.0
emote,VenaRun,https://static-cdn.jtvnw.net/emoticons/v2/emotesv2_81bf2cf592424ed7872310326aee0e26/default/dark/3.0
emote,VenaPlot,https://static-cdn.jtvnw.net/emoticons/v2/emotesv2_fce5b6c7dd004c38a1267e8b2a2cf56b/default/dark/3.0
emote,VenaLizard,https://static-cdn.jtvnw.net/emoticons/v2/emotesv2_34cb5945434746539777d248123a815a/default/dark/3.0
emote,VenaGamba,https://static-cdn.jtvnw.net/emoticons/v2/emotesv2_48f0e67b1e154adb99adad87e16c39c6/default/dark/3.0
emote,VenaGamba2,https://static-cdn.jtvnw.net/emoticons/v2/emotesv2_dd2dc112b24e4ac6a2246ef719899bad/default/dark/3.0
emote,VenaSway,https://static-cdn.jtvnw.net/emoticons/v2/emotesv2_fd7e722716f544459e29217326eeb4b4/default/dark/3.0
emote,venaKnife,https://static-cdn.jtvnw.net/emoticons/v2/emotesv2_ae88c39da32843d58c307fbd247fc3dc/default/light/3.0
emote,venaLaugh,https://static-cdn.jtvnw.net/emoticons/v2/emotesv2_5730cdeef36a433a8b22fa0ee172d153/default/light/3.0
//Desbloque//
emote,CREP,https://static-cdn.jtvnw.net/emoticons/v2/emotesv2_04db6511acfd4f90a96d8b6f8b1ae5c4/default/dark/3.0
emote,RBLXpip,https://static-cdn.jtvnw.net/emoticons/v2/emotesv2_284324608ef74fb8957f8e5f94a56174/default/dark/3.0
emote,SheKnowsBall,https://static-cdn.jtvnw.net/emoticons/v2/emotesv2_579f56ee22b04791a4f69902093db624/default/dark/3.0
emote,Bop2bop,https://static-cdn.jtvnw.net/emoticons/v2/emotesv2_39e6466a394048d1ba67439b680a3f1c/default/dark/3.0
emote,BopDrop,https://static-cdn.jtvnw.net/emoticons/v2/emotesv2_9eabc6027d8946b1afdfa3ec9ed032d8/default/dark/2.0
emote,WinnieHuh,https://static-cdn.jtvnw.net/emoticons/v2/emotesv2_b052637fefd045fea52a7d7c68bb5d6c/default/light/3.0
emote,HonkShoe,https://static-cdn.jtvnw.net/emoticons/v2/emotesv2_db69fc51205244758607e286d1894c8c/default/light/3.0
emote,IAmClap,https://static-cdn.jtvnw.net/emoticons/v2/emotesv2_ef45742769dc4bcdbf92d1e11cacf211/default/light/3.0
emote,PufferPop,https://static-cdn.jtvnw.net/emoticons/v2/emotesv2_0b4f05960b5b473c98d61698edc0806a/default/light/3.0
emote,SpitTheTruth,https://static-cdn.jtvnw.net/emoticons/v2/emotesv2_a5df5c36d31640659aba8fe8641e0ba8/default/light/3.0
emote,InTheirBag,https://static-cdn.jtvnw.net/emoticons/v2/emotesv2_84f6901b23f54c5fbd9cdcc0ba66cb93/default/light/3.0
emote,PackItUp,https://static-cdn.jtvnw.net/emoticons/v2/emotesv2_2789bf0b8a4346a6900f24265733439b/default/light/3.0
emote,EmuLoad,https://static-cdn.jtvnw.net/emoticons/v2/emotesv2_af8346ed03b7412a8f2190a6f3245b67/default/light/3.0
emote,RageOut,https://static-cdn.jtvnw.net/emoticons/v2/emotesv2_6f481718579c4314bc47a3321519315a/default/light/3.0
emote,HiHand,https://static-cdn.jtvnw.net/emoticons/v2/emotesv2_2f0c7e17b0e54a229c89d8309512bf73/default/light/3.0
emote,LilTrickster,https://static-cdn.jtvnw.net/emoticons/v2/emotesv2_6f8b5741535344bf947ae6eea28c56c7/default/light/3.0
emote,AnActualQueen,https://static-cdn.jtvnw.net/emoticons/v2/emotesv2_5e4904678f50485aaac4fca44f03b570/default/light/3.0
emote,PlotTwist,https://static-cdn.jtvnw.net/emoticons/v2/emotesv2_2a1863780183434da7beeb7e9a42eb34/default/light/3.0
emote,TheyAte,https://static-cdn.jtvnw.net/emoticons/v2/emotesv2_f47a86e7457e440ab3fff868b2d5186e/default/light/3.0
emote,ServalBop,https://static-cdn.jtvnw.net/emoticons/v2/emotesv2_daa7dff7413c49fba8f5429da76d8e76/default/light/3.0
emote,SoCinema,https://static-cdn.jtvnw.net/emoticons/v2/emotesv2_d515e6c3d8064692a706bbdf4662b9a0/default/light/3.0
emote,MeSweat,https://static-cdn.jtvnw.net/emoticons/v2/emotesv2_0e665f51d8214e55a0c4656e4f690480/default/light/3.0
emote,ShyGhost,https://static-cdn.jtvnw.net/emoticons/v2/emotesv2_9c489ffe04e14791b1fc300872605ac1/default/light/3.0
emote,UghMood,https://static-cdn.jtvnw.net/emoticons/v2/emotesv2_393644bfc50c49498152f75b56f0ce22/default/light/3.0
emote,DownBad,https://static-cdn.jtvnw.net/emoticons/v2/emotesv2_33cd123685f84ecb9899838472c55391/default/light/3.0
emote,NoComment,https://static-cdn.jtvnw.net/emoticons/v2/emotesv2_9d63f5aa1af3476b86b9c20a6e747dc2/default/light/3.0
emote,GeorgieMarch,https://static-cdn.jtvnw.net/emoticons/v2/emotesv2_fe033011e785496798e30cef29b1c9d7/default/light/3.0
emote,EpicClip,https://static-cdn.jtvnw.net/emoticons/v2/emotesv2_8b07ae4f1f004a339838a7147ef1f3e2/default/light/3.0
emote,LuvLuvLUV,https://static-cdn.jtvnw.net/emoticons/v2/emotesv2_8993e3a680ab4e25b7136cf60e748fc9/default/light/3.0
emote,ImSpiraling,https://static-cdn.jtvnw.net/emoticons/v2/emotesv2_44b6eb2a20e44887bb8b158869671619/default/light/3.0
emote,ThatsIconique,https://static-cdn.jtvnw.net/emoticons/v2/emotesv2_df29fd5cc4f8436a90c0f782d828b366/default/light/3.0
emote,RespectfullyNo,https://static-cdn.jtvnw.net/emoticons/v2/emotesv2_8c5bc9cb160640c29423076da8cf692d/default/light/3.0
emote,EndlerLove,https://static-cdn.jtvnw.net/emoticons/v2/emotesv2_fdad2a52b6344d4ca34f56757de20ea0/default/light/3.0
emote,OhWow,https://static-cdn.jtvnw.net/emoticons/v2/emotesv2_cb0e31f9b82742cb8757f64ec756b4e4/default/light/3.0
emote,FrogWow,https://static-cdn.jtvnw.net/emoticons/v2/emotesv2_13d5639099e1418585e9f875415f06c2/default/light/3.0
emote,ConfettiHype,https://static-cdn.jtvnw.net/emoticons/v2/emotesv2_bbbf6d16d9964fcbba2d965a7eea942f/default/light/3.0
emote,WhosThisDiva,https://static-cdn.jtvnw.net/emoticons/v2/emotesv2_fdd2673444124ccb95745918e6946ebc/default/light/3.0
emote,ThatsAServe,https://static-cdn.jtvnw.net/emoticons/v2/emotesv2_71276b021c024affa2a4ffab59d32c56/default/light/3.0
emote,SpillTheTea,https://static-cdn.jtvnw.net/emoticons/v2/emotesv2_3f209a93967a4f53909b3e83932eb883/default/light/3.0
emote,EvilJAM,https://static-cdn.jtvnw.net/emoticons/v2/emotesv2_c3134ab06c334403a7691d3ef58441d1/default/light/3.0
emote,NeuroJAM,https://static-cdn.jtvnw.net/emoticons/v2/emotesv2_16862a2d50724c34b78499f3c094ce47/default/light/3.0
emote,ShouldICelebrate,https://static-cdn.jtvnw.net/emoticons/v2/emotesv2_3cef4c51d4aa45be822ee327f97650a0/default/light/3.0
emote,DidIBreakIt,https://static-cdn.jtvnw.net/emoticons/v2/emotesv2_6d23a98b64ad45d9a9c78cb7e48908d6/default/light/3.0
emote,KappaInfinite,https://static-cdn.jtvnw.net/emoticons/v2/emotesv2_ae9328d25e4b424c8dd2af714045e538/default/light/3.0
emote,PogChomp,https://static-cdn.jtvnw.net/emoticons/v2/emotesv2_00659fc4ae6948a6b23585e83f62d477/default/light/3.0
emote,HeyHeyGuys,https://static-cdn.jtvnw.net/emoticons/v2/emotesv2_132feb3980ee410e856244931d63fd31/default/light/3.0
emote,BleedPurpleHD,https://static-cdn.jtvnw.net/emoticons/v2/emotesv2_bf888b2af57b4abd80653dff26768ae5/default/light/3.0
emote,StirThePot,https://static-cdn.jtvnw.net/emoticons/v2/emotesv2_827188949087491ab7d44ecfbfb4e58c/default/light/3.0
emote,CheersToThat,https://static-cdn.jtvnw.net/emoticons/v2/emotesv2_b308322f860543f78e046294a9614c68/default/light/3.0
emote,GriddyGoose,https://static-cdn.jtvnw.net/emoticons/v2/emotesv2_c7aefc45412147b284273098a518c94b/default/light/3.0
emote,YouMissed,https://static-cdn.jtvnw.net/emoticons/v2/emotesv2_b13f48e4ca704d1cb13123631467616e/default/light/3.0
emote,GoblinJam,https://static-cdn.jtvnw.net/emoticons/v2/emotesv2_f033a950174e447cb68a3380ed9da914/default/light/3.0
emote,RaccoonPop,https://static-cdn.jtvnw.net/emoticons/v2/emotesv2_1d68d57fa07a4636aa3325e95c85f19a/default/light/3.0
emote,BeholdThis,https://static-cdn.jtvnw.net/emoticons/v2/emotesv2_cef4e35f8d134fbc8172fe622bc51bfe/default/light/3.0
emote,NoTheyDidNot,https://static-cdn.jtvnw.net/emoticons/v2/emotesv2_94736686188047bab48c9e2ca9666496/default/light/3.0
emote,LateSave,https://static-cdn.jtvnw.net/emoticons/v2/emotesv2_e8236afbc65347ebb4938c6507a78012/default/light/3.0
emote,CatScare,https://static-cdn.jtvnw.net/emoticons/v2/emotesv2_1cce76af186d4022821e8e67bb367055/default/light/3.0
emote,TurnUp,https://static-cdn.jtvnw.net/emoticons/v2/emotesv2_8b79f878cfff4671ae0fb7522c69ea07/default/light/3.0
emote,KittyLove,https://static-cdn.jtvnw.net/emoticons/v2/emotesv2_3e61175d445245838665fff146bd2bb0/default/light/3.0
emote,TouchOfSalt,https://static-cdn.jtvnw.net/emoticons/v2/emotesv2_871fb6fa55d54fae8e807198c59e082f/default/light/3.0
emote,ApplauseBreak,https://static-cdn.jtvnw.net/emoticons/v2/emotesv2_c3db311615df4ecb9e3be0c492fbfc8b/default/light/3.0
emote,RedCard,https://static-cdn.jtvnw.net/emoticons/v2/emotesv2_a83f8ade02cd4b37b8ae079584407c66/default/light/3.0
emote,FallDamage,https://static-cdn.jtvnw.net/emoticons/v2/emotesv2_8120b15b9e054b31a200a5cb6cade4c7/default/light/3.0
emote,RawkOut,https://static-cdn.jtvnw.net/emoticons/v2/emotesv2_91b3e913c6484fca894830ab953aa16b/default/light/3.0
emote,MegaMlep,https://static-cdn.jtvnw.net/emoticons/v2/emotesv2_2a52b54c6fb04a6fbb6b9eb51fa8e0d0/default/light/3.0
emote,GimmeDat,https://static-cdn.jtvnw.net/emoticons/v2/emotesv2_0d9792a1c8d3499cac7c2b517dc0f682/default/light/3.0
emote,HenloThere,https://static-cdn.jtvnw.net/emoticons/v2/emotesv2_18479de9ad48456aab82a8c9e24e864b/default/light/3.0
emote,PersonalBest,https://static-cdn.jtvnw.net/emoticons/v2/emotesv2_20a5c29af55240d4a276e0ffd828db3e/default/light/3.0
emote,DangerDance,https://static-cdn.jtvnw.net/emoticons/v2/emotesv2_da6ee66bc259434085eb866429687941/default/light/3.0
emote,KittyHype,https://static-cdn.jtvnw.net/emoticons/v2/emotesv2_3969f334f5a2425d9fad53daabb06982/default/light/3.0
emote,AGiftForYou,https://static-cdn.jtvnw.net/emoticons/v2/emotesv2_e7c9f4491c9b44d68e41aff832851872/default/light/3.0
emote,MegaConsume,https://static-cdn.jtvnw.net/emoticons/v2/emotesv2_aa8db3de21e1465dab81bedfa47e29f2/default/light/3.0
emote,GoodOne,https://static-cdn.jtvnw.net/emoticons/v2/emotesv2_692f743d3e7147068bb1ddf842f9b99d/default/light/3.0
emote,BatterUp,https://static-cdn.jtvnw.net/emoticons/v2/emotesv2_bc2ca1d0a58b4731a9fc3432cb175c86/default/light/3.0
emote,ButtonMash,https://static-cdn.jtvnw.net/emoticons/v2/emotesv2_92d34a3642744c6bb540b091d3e9e9b0/default/light/3.0
emote,ChillGirl,https://static-cdn.jtvnw.net/emoticons/v2/emotesv2_7fa0ba50748c418d956afa59c2e94883/default/light/3.0
emote,FrogPonder,https://static-cdn.jtvnw.net/emoticons/v2/emotesv2_a3cdcbfcae9b41bb8215b012362eea35/default/light/3.0
emote,HypeCute,https://static-cdn.jtvnw.net/emoticons/v2/emotesv2_d4bdf646930b4169b7d9c34f24a04b98/default/light/3.0
emote,HypeOhDeer,https://static-cdn.jtvnw.net/emoticons/v2/emotesv2_f721d941d14642e2b30de2e86fa28082/default/light/3.0
emote,HypeUwu,https://static-cdn.jtvnw.net/emoticons/v2/emotesv2_9c5840880c854913867fa2e5ffdc1f17/default/light/3.0
emote,HypeLick,https://static-cdn.jtvnw.net/emoticons/v2/emotesv2_47d858d7a1e042a3bf72eab138351415/default/light/3.0
emote,HypeCool,https://static-cdn.jtvnw.net/emoticons/v2/emotesv2_e2a11d74a4824cbf9a8b28079e5e67dd/default/light/3.0
emote,HypeLove1,https://static-cdn.jtvnw.net/emoticons/v2/emotesv2_036fd741be4141198999b2ca4300668e/default/light/3.0
emote,HypeSleep,https://static-cdn.jtvnw.net/emoticons/v2/emotesv2_3114c3d12dc44f53810140f632128b54/default/light/3.0
emote,HypePat,https://static-cdn.jtvnw.net/emoticons/v2/emotesv2_7d457ecda087479f98501f80e23b5a04/default/light/3.0
emote,HypeHands2,https://static-cdn.jtvnw.net/emoticons/v2/emotesv2_8c40cd16027f48c0a70ac7b1fa1c397e/default/light/3.0
emote,HypeHai,https://static-cdn.jtvnw.net/emoticons/v2/emotesv2_9b68a8fa2f1d457496ac016b251e06b6/default/light/3.0
emote,HypeNom,https://static-cdn.jtvnw.net/emoticons/v2/emotesv2_9bcc622c0b2a48b180a159c25a2b8245/default/light/3.0
emote,HypeBLEH,https://static-cdn.jtvnw.net/emoticons/v2/emotesv2_08abf0cd0e78494a9da8a2315c3648f4/default/light/3.0
emote,HypeApplause,https://static-cdn.jtvnw.net/emoticons/v2/emotesv2_ccc146905a694f3b8df390f55e34002a/default/light/3.0
emote,HypeRage,https://static-cdn.jtvnw.net/emoticons/v2/emotesv2_4918bd32ff5b476f82bda49f3e958767/default/light/3.0
emote,HypeMwah,https://static-cdn.jtvnw.net/emoticons/v2/emotesv2_7d01d1cf36b549098434c7a6e50a8828/default/light/3.0
emote,HypeHuh,https://static-cdn.jtvnw.net/emoticons/v2/emotesv2_43da115e6b6749828f7dee47d17dd315/default/light/3.0
emote,HypeSeemsGood,https://static-cdn.jtvnw.net/emoticons/v2/emotesv2_73aba26793314019b5ff7a5643e52749/default/light/3.0
emote,HypeWave,https://static-cdn.jtvnw.net/emoticons/v2/emotesv2_663dbd72c3ae48c585ffd61f3c348fa9/default/light/3.0
emote,HypeReading,https://static-cdn.jtvnw.net/emoticons/v2/emotesv2_271ea48a09ca418baad2ea1f734ab09e/default/light/3.0
emote,HypeShock,https://static-cdn.jtvnw.net/emoticons/v2/emotesv2_1337536bcecf49f4bb9cd1a699341ee2/default/light/3.0
emote,HypeStress,https://static-cdn.jtvnw.net/emoticons/v2/emotesv2_8c1d964bd7e14fe1b8bd61d29ee0eb8c/default/light/3.0
emote,HypeCry,https://static-cdn.jtvnw.net/emoticons/v2/emotesv2_cdc7a602ee08462e81fb6cc0e3e8de61/default/light/3.0
emote,HypeCheer,https://static-cdn.jtvnw.net/emoticons/v2/emotesv2_dd4f4f9cea1a4039ad3390e20900abe4/default/light/3.0
emote,HypeLurk,https://static-cdn.jtvnw.net/emoticons/v2/emotesv2_1630ff0e5ff34a808f4b25320a540ee7/default/light/3.0
emote,HypePopcorn,https://static-cdn.jtvnw.net/emoticons/v2/emotesv2_7b8e74be7bd64601a2608c2ff5f6eb7a/default/light/3.0
emote,HypeEvil,https://static-cdn.jtvnw.net/emoticons/v2/emotesv2_1885b5088372466b800789b02daf7b65/default/light/3.0
emote,HypeAwww,https://static-cdn.jtvnw.net/emoticons/v2/emotesv2_85a13cc47247425fa152b9292c4589a9/default/light/3.0
emote,HypeHype,https://static-cdn.jtvnw.net/emoticons/v2/emotesv2_e920cae6f2d8401d8e15392b1a292fbb/default/light/3.0
emote,BagOfMemes,https://static-cdn.jtvnw.net/emoticons/v2/425696/default/light/3.0
emote,FlipThis,https://static-cdn.jtvnw.net/emoticons/v2/112295/default/light/3.0
emote,KappaHD,https://static-cdn.jtvnw.net/emoticons/v2/115850/default/light/3.0
emote,MindManners,https://static-cdn.jtvnw.net/emoticons/v2/425692/default/light/3.0
emote,MiniK,https://static-cdn.jtvnw.net/emoticons/v2/115849/default/light/3.0
emote,PartyPopper,https://static-cdn.jtvnw.net/emoticons/v2/425697/default/light/3.0
emote,ScaredyCat,https://static-cdn.jtvnw.net/emoticons/v2/112293/default/light/3.0
emote,TableHere,https://static-cdn.jtvnw.net/emoticons/v2/112294/default/light/3.0
emote,PrimeYouDontSay,https://static-cdn.jtvnw.net/emoticons/v2/134251/default/light/3.0
emote,PrimeUWot,https://static-cdn.jtvnw.net/emoticons/v2/134252/default/light/3.0
emote,PrimeRlyTho,https://static-cdn.jtvnw.net/emoticons/v2/134253/default/light/3.0
emote,HypeLUL,https://static-cdn.jtvnw.net/emoticons/v2/emotesv2_e7a6e7e24a844e709c4d93c0845422e1/default/light/3.0
emote,HerMind,https://static-cdn.jtvnw.net/emoticons/v2/emotesv2_2eb03cdc9a6240d4bf71d44bfbfdcbd3/default/light/3.0
emote,HypeHands1,https://static-cdn.jtvnw.net/emoticons/v2/emotesv2_0457808073314f62962554c12ebb6b4d/default/light/3.0
emote,HypeDerp1,https://static-cdn.jtvnw.net/emoticons/v2/emotesv2_e029042dd623498d8b1e74e3ea472bea/default/light/3.0
emote,HypeFail,https://static-cdn.jtvnw.net/emoticons/v2/emotesv2_0330a84e75ad48c1821c1d29a7dadd4d/default/light/3.0
HypeCozy1,https://static-cdn.jtvnw.net/emoticons/v2/emotesv2_6d27dcab0df7442b88260a25d60bd807/default/light/3.0
HypeBoop,https://static-cdn.jtvnw.net/emoticons/v2/emotesv2_f930e2f43d284c51a3eb02714360a331/default/light/3.0
emote,SSSsssplode,https://static-cdn.jtvnw.net/emoticons/v2/emotesv2_df1b3a19d9fc4bff81429afdfb46fff0/default/light/3.0
emote,TreatCorn,https://static-cdn.jtvnw.net/emoticons/v2/emotesv2_0672054d322f4bd7a176b905b612810b/default/light/3.0
emote,LightsBlink,https://static-cdn.jtvnw.net/emoticons/v2/emotesv2_f1337249b2ac4482ad1a9318bf2018f2/default/light/3.0
emote,LightsSwirl,https://static-cdn.jtvnw.net/emoticons/v2/emotesv2_22781d30dd2a4c6795e757406d7c17dc/default/light/3.0
emote,LightsTwinkle,https://static-cdn.jtvnw.net/emoticons/v2/emotesv2_1126c743df5c4ce8b33efac8d191400c/default/light/3.0
emote,CatintheChat,https://static-cdn.jtvnw.net/emoticons/v2/emotesv2_a7768ce4552c4a3abdd0404f556f958e/default/light/3.0
emote,SirUwU,https://static-cdn.jtvnw.net/emoticons/v2/301544927/default/light/3.0
emote,SirPrise,https://static-cdn.jtvnw.net/emoticons/v2/301544926/default/light/3.0
emote,SirSad,https://static-cdn.jtvnw.net/emoticons/v2/301544924/default/light/3.0
emote,SirMad,https://static-cdn.jtvnw.net/emoticons/v2/301544923/default/light/3.0
emote,SirSword,https://static-cdn.jtvnw.net/emoticons/v2/301544922/default/light/3.0
emote,SirShield,https://static-cdn.jtvnw.net/emoticons/v2/301544919/default/light/3.0
emote,BopBop,https://static-cdn.jtvnw.net/emoticons/v2/emotesv2_5860ce75b7fb4e10ad885c1d11972050/default/light/3.0
emote,LookOut,https://static-cdn.jtvnw.net/emoticons/v2/emotesv2_35cdacb2ef964dd2be77b0d843a181fd/default/light/3.0
emote,KaiMillion,https://static-cdn.jtvnw.net/emoticons/v2/emotesv2_290c2cc5d9d047e9999daba6321fb374/static/dark/3.0
emote,BlackCatLuck,https://static-cdn.jtvnw.net/emoticons/v2/emotesv2_503bb1792c0e40f39bda5aeb02b09a4a/default/dark/3.0
emote,CatOLantern,https://static-cdn.jtvnw.net/emoticons/v2/emotesv2_c439893a09c741dfac42ab7b355d80a5/default/dark/3.0
emote,ShadyCat,https://static-cdn.jtvnw.net/emoticons/v2/emotesv2_449a8be32fcf402aa968d7db5237fb32/default/dark/3.0
emote,LaLaLa,https://static-cdn.jtvnw.net/emoticons/v2/emotesv2_c3c41154604c4b2c8d941b1d0b7b0c82/default/dark/3.0
emote,Sadgoo,https://static-cdn.jtvnw.net/emoticons/v2/emotesv2_7bdf45318cd34680bb64603b6e3de0c3/default/dark/3.0
emote,Yagoo,https://static-cdn.jtvnw.net/emoticons/v2/emotesv2_9d35a2559acb4be5ac4bcf1f68a1913d/default/dark/3.0
emote,Kingoo,https://static-cdn.jtvnw.net/emoticons/v2/emotesv2_20bcc2db3c9b4af296ff2b1e828ae3a9/default/dark/3.0
emote,HoloAxel,https://static-cdn.jtvnw.net/emoticons/v2/emotesv2_8f4e134c931a4852b184541629569438/default/dark/3.0
emote,HoloGigi,https://static-cdn.jtvnw.net/emoticons/v2/emotesv2_46d1acf7871b4511954f6d721379ad11/default/dark/3.0
emote,HoloHakka,https://static-cdn.jtvnw.net/emoticons/v2/emotesv2_e4e31ca28a2b48f6aac8840a4191c1ff/default/dark/3.0
emote,HoloKiara,https://static-cdn.jtvnw.net/emoticons/v2/emotesv2_b6a6c58d8c2a48e69d2bbcd8a5ee386a/default/dark/3.0
emote,HoloOctavio,https://static-cdn.jtvnw.net/emoticons/v2/emotesv2_96282d3aad584266b08a9fe5a800ce0b/default/dark/3.0
emote,HoloRaora,https://static-cdn.jtvnw.net/emoticons/v2/emotesv2_841a6f54bc0c404693918d258bbc95e1/default/dark/3.0
emote,SnoWorries,https://static-cdn.jtvnw.net/emoticons/v2/emotesv2_b5519d87d46149cd81e00fb5dd269f3a/default/dark/3.0
emote,GetThatBread,https://static-cdn.jtvnw.net/emoticons/v2/emotesv2_1c9a2f12beee411f840e2048b35e6223/default/dark/3.0
emote,BoxBlep,https://static-cdn.jtvnw.net/emoticons/v2/emotesv2_aab8fc765e8b4769b9bc3dec36c05121/default/dark/3.0
emote,StreamAwards,https://static-cdn.jtvnw.net/emoticons/v2/emotesv2_680331d313b64e38a540670f984fdffb/default/dark/3.0
emote,WorldofTanksBenedict,https://static-cdn.jtvnw.net/emoticons/v2/emotesv2_b031feb261c045879148d6e7ae698e4f/default/dark/3.0
emote,RustHazzy,https://static-cdn.jtvnw.net/emoticons/v2/emotesv2_e18c123dc31f4d8bb500e8713405a230/default/dark/3.0
emote,HuntHS,https://static-cdn.jtvnw.net/emoticons/v2/emotesv2_652225841faf4d629f68110f4d015344/default/dark/3.0
emote,NeedHeal,https://static-cdn.jtvnw.net/emoticons/v2/emotesv2_0d8139b214a649c0b0405cc0134d2ddf/default/light/3.0
emote,GiveHeal,https://static-cdn.jtvnw.net/emoticons/v2/emotesv2_a323d318e0a340bd828ad7a080570e69/default/light/3.0
//Removidos//
emote,VhagarChamp,https://static-cdn.jtvnw.net/emoticons/v2/emotesv2_09a0aeda7a6b4722b97429ddb591e028/default/light/3.0
emote,FC26GOOOAL,https://static-cdn.jtvnw.net/emoticons/v2/emotesv2_0d5dbcb1507c4234a0dcfa310faeee6c/animated/dark/3.0
emote,BF6Hype,https://static-cdn.jtvnw.net/emoticons/v2/emotesv2_e1ca071275e84878a5814e677aa9ec66/static/dark/3.0
emote,FaZe,https://static-cdn.jtvnw.net/emoticons/v2/emotesv2_312a6e75e0884b348d5f55cbcb62adb4/static/dark/3.0
emote,PsyCatNod,https://static-cdn.jtvnw.net/emoticons/v2/emotesv2_1f69252c2562422bb4601110e927e0e3/animated/dark/3.0
emote,BAFTAGames,https://static-cdn.jtvnw.net/emoticons/v2/emotesv2_3ac080e51cb94396a083a9855a357677/static/dark/3.0
emote,INZOIPsyCat,https://static-cdn.jtvnw.net/emoticons/v2/emotesv2_2babf8f02c9e480dad8ced0e6e266d4a/animated/dark/3.0
emote,ACShadows,https://static-cdn.jtvnw.net/emoticons/v2/emotesv2_e0a34fe8504e49c189454c681448897e/static/dark/3.0
emote,AndTime,https://static-cdn.jtvnw.net/emoticons/v2/emotesv2_13afd2c89c094ec8b526530c522df998/static/dark/3.0
emote,LoveSmash,https://static-cdn.jtvnw.net/emoticons/v2/emotesv2_607246977bfd4c53bc85d8b755c52cf7/animated/dark/3.0
emote,ShareTheHug,https://static-cdn.jtvnw.net/emoticons/v2/emotesv2_724a8fce86c345488638b545e7caffda/static/dark/3.0
emote,ShareTheVE,https://static-cdn.jtvnw.net/emoticons/v2/emotesv2_dfb329d0b6c942fdb8ed837a49adea94/static/dark/3.0
emote,ShareTheLO,https://static-cdn.jtvnw.net/emoticons/v2/emotesv2_63a6315078fb4d5d9649587e09fd92e3/static/dark/3.0
emote,SimsPlumbob,https://static-cdn.jtvnw.net/emoticons/v2/emotesv2_6581608ddd89425eb4374a34b6b4337e/static/dark/3.0
emote,GunRun,https://static-cdn.jtvnw.net/emoticons/v2/1584743/static/dark/3.0
emote,HitchGold,https://static-cdn.jtvnw.net/emoticons/v2/emotesv2_a47dc4e870ed44d589aaa15f3a5f5579/default/dark/3.0
emote,GalintCheer,https://static-cdn.jtvnw.net/emoticons/v2/emotesv2_e5afbae69f9d41059687c6d37b55c696/default/dark/3.0
emote,ZLANsup,https://static-cdn.jtvnw.net/emoticons/v2/emotesv2_d78902fbead742769b8c83f0f5b6c2ab/default/dark/3.0
emote,AndTime,https://static-cdn.jtvnw.net/emoticons/v2/emotesv2_ed6ba94c26ea49d7a29e49a54011e682/default/dark/3.0
emote,KaiMillion,https://static-cdn.jtvnw.net/emoticons/v2/emotesv2_3cd6a011f6b04e799381d91902e9d947/default/dark/3.0
emote,SNHalfmoon,https://static-cdn.jtvnw.net/emoticons/v2/emotesv2_f04fa173fd6f420c8572d33c76b5f9da/default/dark/3.0
emote,NeedHeal,https://static-cdn.jtvnw.net/emoticons/v2/emotesv2_0d8139b214a649c0b0405cc0134d2ddf/default/dark/3.0
emote,GiveHeal,https://static-cdn.jtvnw.net/emoticons/v2/emotesv2_a323d318e0a340bd828ad7a080570e69/default/dark/3.0
emote,NasaSparkle,https://static-cdn.jtvnw.net/emoticons/v2/emotesv2_6b7962b270c84cf0a98a3603e669d7fd/default/dark/3.0
emote,QSMP2,https://static-cdn.jtvnw.net/emoticons/v2/emotesv2_d01531b01ec04492bef18e5780e0e76c/default/dark/3.0
emote,LaLaLa,https://static-cdn.jtvnw.net/emoticons/v2/emotesv2_c3c41154604c4b2c8d941b1d0b7b0c82/default/dark/3.0
emote,GoalHype,https://static-cdn.jtvnw.net/emoticons/v2/emotesv2_0cc5805c89c5458c93b09f2192a37836/default/dark/3.0
//Winnie//
emote,saor1hCute,https://static-cdn.jtvnw.net/emoticons/v2/emotesv2_688854466c534d5dbfc5f067182fea5d/default/light/3.0
emote,saor1hNihao,https://static-cdn.jtvnw.net/emoticons/v2/emotesv2_ea15600b28454be385574f69ab623151/default/light/3.0
emote,saor1hBrava,https://static-cdn.jtvnw.net/emoticons/v2/emotesv2_2a6d4c266bf644fd9616e09a47f6a73e/default/light/3.0
emote,saor1hAwn,https://static-cdn.jtvnw.net/emoticons/v2/emotesv2_fa80d151e92e4d3099a2d34d6215deef/default/light/3.0
emote,saor1hKkkkk,https://static-cdn.jtvnw.net/emoticons/v2/emotesv2_5f66142102344cc3ba2d5743bf480488/default/light/3.0
emote,saor1hGGzinho,https://static-cdn.jtvnw.net/emoticons/v2/emotesv2_37cf25f561fe49f2af5b6bd852cebdcf/default/light/3.0
emote,saor1hEbaaa,https://static-cdn.jtvnw.net/emoticons/v2/emotesv2_80b877e85a674922919a0a6dd177ce00/default/light/3.0
emote,saor1hBouaa,https://static-cdn.jtvnw.net/emoticons/v2/emotesv2_2ab1d78cf3034064a05fa592e1228910/default/light/3.0
emote,saor1hEaew,https://static-cdn.jtvnw.net/emoticons/v2/emotesv2_94e5140c847146cca6a5aa149df33455/default/light/3.0
emote,saor1hNumtendi,https://static-cdn.jtvnw.net/emoticons/v2/emotesv2_e88bd01f1a5146e3a8ada543f3b15331/default/light/3.0
emote,saor1hChazin,https://static-cdn.jtvnw.net/emoticons/v2/emotesv2_9ec1cdc92ce74d128882ed1043870b9a/default/light/2.0
emote,saor1hTliste,https://static-cdn.jtvnw.net/emoticons/v2/emotesv2_97fccb05021a4c009d7ac060c1f895b7/default/light/3.0
emote,saor1hXoninho,https://static-cdn.jtvnw.net/emoticons/v2/emotesv2_a7ab8f687e274b3c81f6e0e400127245/default/light/3.0
emote,saor1hTaok,https://static-cdn.jtvnw.net/emoticons/v2/emotesv2_50f198c1ac2f439a9b87d40d67caa2db/default/light/3.0
emote,saor1hLurk,https://static-cdn.jtvnw.net/emoticons/v2/emotesv2_07c671bd4d294cd2ab3ee687031fef4f/default/light/3.0
//Winnie Kick//
emote,saor1hBan,https://static-cdn.jtvnw.net/emoticons/v2/emotesv2_49489cc5902a4892b4d550bec6e3e1ab/default/light/3.0
emote,saor1hAishiteru,https://static-cdn.jtvnw.net/emoticons/v2/emotesv2_f4c0474907384491848e1d759685b8c9/default/light/3.0
emote,saor1hHahahaha,https://static-cdn.jtvnw.net/emoticons/v2/emotesv2_fafb4cbc42b543fda0e62ab618b83036/default/light/3.0
emote,saor1hBlavinha,https://static-cdn.jtvnw.net/emoticons/v2/emotesv2_b0b28ae482234a9ea5359117fd62d18b/default/light/3.0
emote,saor1hCutecute,https://static-cdn.jtvnw.net/emoticons/v2/emotesv2_a9bfc586de574ac48800cd2bdbe2435e/default/light/3.0
emote,saor1hHI,https://static-cdn.jtvnw.net/emoticons/v2/emotesv2_0fa59ce4b2de415fb4b771df4d37bc4a/default/light/3.0
//emotes avusos//
emote,shayyt1GG,https://static-cdn.jtvnw.net/emoticons/v2/emotesv2_cf2d7be168bd4d2e80baad6fe96105aa/default/light/3.0
emote,lianyxCloveLove,https://static-cdn.jtvnw.net/emoticons/v2/emotesv2_19fcb422ad0f4ef2816ebe03ecd6fee0/default/light/3.0
emote,choke7Grito,https://static-cdn.jtvnw.net/emoticons/v2/emotesv2_a75218298b8b4bf4bf5d59102b76ec37/default/light/3.0
emote,gabepeixeBaicu,https://static-cdn.jtvnw.net/emoticons/v2/emotesv2_9c61fd93f42a4f9a84d5bd59ef68ec0a/default/light/3.0
emote,BahiaqCovardee,https://static-cdn.jtvnw.net/emoticons/v2/emotesv2_87ea4d8be2a343f6ac1e420fb3b69e06/default/light/3.0
emote,BahiaqOq,https://static-cdn.jtvnw.net/emoticons/v2/emotesv2_bff0528c6a1e454bb8db13438c6104a7/default/light/3.0
emote,wesley200Parado,https://static-cdn.jtvnw.net/emoticons/v2/emotesv2_ea0e0259188646be95191d79037f67f4/default/light/3.0
emote,artinjGIBSPINS,https://static-cdn.jtvnw.net/emoticons/v2/emotesv2_454bccaee9ca4edf98c39cf785e52fbd/default/light/3.0
emote,artinjWiggle,https://static-cdn.jtvnw.net/emoticons/v2/emotesv2_993b41c81ea8492d8e9961df81a5d86f/default/light/3.0
emote,HypeCheer,https://static-cdn.jtvnw.net/emoticons/v2/emotesv2_dd4f4f9cea1a4039ad3390e20900abe4/default/light/3.0
emote,choke7Box,https://static-cdn.jtvnw.net/emoticons/v2/emotesv2_250502d1177e4ef69898a3a274e523f1/default/dark/3.0
emote,alanzEllie,https://static-cdn.jtvnw.net/emoticons/v2/emotesv2_389a1ca128e14ec3a5177d8f05507a54/default/dark/3.0
emote,choke7Alo,https://static-cdn.jtvnw.net/emoticons/v2/emotesv2_8a857f1778d84293bfe19efe6c9ba7d5/default/dark/3.0
emote,choke7Eba,https://static-cdn.jtvnw.net/emoticons/v2/emotesv2_f4400cf3731c4283a4230e9ad57d8b9d/default/dark/3.0
emote,supremikaNotes,https://static-cdn.jtvnw.net/emoticons/v2/emotesv2_a0724d94fa7045e897c5ef394f36016f/default/dark/3.0
emote,yullaDance,https://static-cdn.jtvnw.net/emoticons/v2/emotesv2_17133bad2ffd49e993a11af8fbf2e0a6/default/dark/3.0
emote,choke7Demo,https://static-cdn.jtvnw.net/emoticons/v2/emotesv2_4444318f599e4be285bb4b3435cb2d31/default/dark/3.0
emote,choke7Limpa,https://static-cdn.jtvnw.net/emoticons/v2/emotesv2_9714356b00954680be963e3942bb33f4/default/dark/3.0
emote,choke7Lanche,https://static-cdn.jtvnw.net/emoticons/v2/emotesv2_6a19d01c5a954a32a50981861707be42/default/dark/3.0
emote,shayyt1SHAYNEI,https://static-cdn.jtvnw.net/emoticons/v2/emotesv2_240598b93a05484a8245e1631652066a/default/dark/3.0
emote,shayyt1Kkkk,https://static-cdn.jtvnw.net/emoticons/v2/emotesv2_6ba4f7c5c28a44ddb4d13da1ad03e1a5/default/dark/3.0
emote,shayyt1CAFE,https://static-cdn.jtvnw.net/emoticons/v2/emotesv2_1b69aa36f9204c71a0b3f89c47bec822/default/dark/3.0
emote,shayyt1Shayvison,https://static-cdn.jtvnw.net/emoticons/v2/emotesv2_f5ad0ce85cc14a75853f1455d201546c/default/dark/3.0
emote,putenoQseyo,https://static-cdn.jtvnw.net/emoticons/v2/emotesv2_de36b89cf0554facbb61bc435416c20e/default/dark/3.0
emote,MoonmkSilkanota,https://static-cdn.jtvnw.net/emoticons/v2/emotesv2_ab31b4b59abe463a9d8b1abd9925c459/default/light/3.0
emote,MoonmkAgua,https://static-cdn.jtvnw.net/emoticons/v2/emotesv2_c7d207c6887c4a0191fbef5c496d9ef9/default/light/3.0
emote,MoonmkKiss,https://static-cdn.jtvnw.net/emoticons/v2/emotesv2_55339e714af24b33a40fc8dc649ebd3e/default/light/3.0
emote,MoonmkHello,https://static-cdn.jtvnw.net/emoticons/v2/emotesv2_b5ff84bff58c493692c401866ed043c7/default/light/3.0
emote,MoonmkGlow,https://static-cdn.jtvnw.net/emoticons/v2/emotesv2_16ad3346cda34359bde1988532fb6bf8/default/light/3.0
emote,MoonmkCry,https://static-cdn.jtvnw.net/emoticons/v2/emotesv2_0b8c50692dac4b4e9521146e2b5ed129/default/light/3.0
emote,MoonmkSNIFF,https://static-cdn.jtvnw.net/emoticons/v2/emotesv2_1ce178ca0caa4ec1ad9c37864256d0de/default/light/3.0
emote,MoonmkPintShy,https://static-cdn.jtvnw.net/emoticons/v2/emotesv2_bf6ec4a1699e4bd2b98445d365f0d8f8/default/light/3.0
emote,MoonmkPrayge,https://static-cdn.jtvnw.net/emoticons/v2/emotesv2_a9e8db87c0654aeab14577c5f756a92b/default/light/3.0
emote,MoonmkHi,https://static-cdn.jtvnw.net/emoticons/v2/emotesv2_06a917fc2c5844a484d74e69ca7c97b8/default/light/3.0
emote,Just9lDOIT,https://static-cdn.jtvnw.net/emoticons/v2/emotesv2_ac0bfd4f49dc49539cf0fb98976873b5/default/light/3.0
emote,Just9lWiggle,https://static-cdn.jtvnw.net/emoticons/v2/emotesv2_333c243bcfdc46e49a743c50a95787fa/default/light/3.0
emote,Just9lHeyo,https://static-cdn.jtvnw.net/emoticons/v2/emotesv2_8cdc83c61c5c41df9afd500d22f5022e/default/light/3.0
emote,Just9lKisses,https://static-cdn.jtvnw.net/emoticons/v2/emotesv2_c2507cae5d6a4ad7b0f52c39d19714cd/default/light/3.0
emote,Just9lPlotting,https://static-cdn.jtvnw.net/emoticons/v2/emotesv2_224cfaf87d1247fa9f549d411f755646/default/light/3.0
emote,Just9lClapping,https://static-cdn.jtvnw.net/emoticons/v2/emotesv2_8b0583fdba584fe58e2f0023b5f01a43/default/light/3.0
emote,
emote,Bellop2Sad,https://static-cdn.jtvnw.net/emoticons/v2/emotesv2_ab6d8cdcf296402ca4f832de6e1e84fe/default/light/3.0
emote,TurqitGun,https://static-cdn.jtvnw.net/emoticons/v2/emotesv2_d821f68a84884da9ab726518d47b8af8/default/light/3.0
emote,TurqitKirby,https://static-cdn.jtvnw.net/emoticons/v2/emotesv2_52baf1ae78394af9ae54a887a2a38c0b/default/light/3.0
emote,TurqitTired,https://static-cdn.jtvnw.net/emoticons/v2/emotesv2_ce4ad9d777cb461fb77e8b21ed83ad25/default/light/3.0
emote,TurqitSmug,https://static-cdn.jtvnw.net/emoticons/v2/emotesv2_1417f25392fc4598a34268608fdc5c67/default/light/3.0
emote,MirysHungry,https://static-cdn.jtvnw.net/emoticons/v2/emotesv2_b7711fc56e254534865174a563df3f3a/default/light/3.0
emote,TurqitLong1,https://static-cdn.jtvnw.net/emoticons/v2/emotesv2_a346e079525246d0a621474d03171c5d/default/light/3.0
emote,TurqitLong2,https://static-cdn.jtvnw.net/emoticons/v2/emotesv2_4033b089a30046a3bc89a3b9941d81b4/default/light/3.0
emote,TurqitLong3,https://static-cdn.jtvnw.net/emoticons/v2/emotesv2_e2cf23c3fae04aa7b84d7aed095758ab/default/light/3.0
emote,TurqitCheer,https://static-cdn.jtvnw.net/emoticons/v2/emotesv2_60408f27813247659b12f16f4deb9937/default/light/3.0
emote,TurqitSad,https://static-cdn.jtvnw.net/emoticons/v2/emotesv2_50a3b6ffe8a546ea87185971197a66fb/default/light/3.0
emote,TurqitMuscle,https://static-cdn.jtvnw.net/emoticons/v2/emotesv2_f0316f27d4b14122b5c0f695d6609ea6/default/light/3.0
emote,TurqitPika,https://static-cdn.jtvnw.net/emoticons/v2/emotesv2_044d60928c9d4486a740088eb0869937/default/light/3.0
emote,TurqitLove,https://static-cdn.jtvnw.net/emoticons/v2/emotesv2_a9ababdcfac7448da505219e71949f64/default/light/3.0
emote,TurqitSqueeze,https://static-cdn.jtvnw.net/emoticons/v2/emotesv2_bcdf662004af41e2afffa9bd5a411ec0/default/light/3.0
emote,TurqitYap,https://static-cdn.jtvnw.net/emoticons/v2/emotesv2_6bdef0d285b24a05beff8c4059484398/default/light/3.0
emote,TurqitTails,https://static-cdn.jtvnw.net/emoticons/v2/emotesv2_fc9016d7763c42dfa9a8492885f87612/default/light/3.0
emote,TurqitPride,https://static-cdn.jtvnw.net/emoticons/v2/emotesv2_ecdf7d50e637413aa4852e71a8e05a49/default/dark/3.0
emote,SayuwuPopcorn,https://static-cdn.jtvnw.net/emoticons/v2/emotesv2_a0599745230944b5bc5ee2d9b31f90ce/default/light/3.0
emote,SayuwuPunch,https://static-cdn.jtvnw.net/emoticons/v2/emotesv2_6b5fa840bcc345babb701aff3f056b77/default/light/3.0
emote,SayuwuWeam1,https://static-cdn.jtvnw.net/emoticons/v2/emotesv2_64ad1d37e5d442d68b3ddbc627ad5534/default/light/3.0
emote,SayuwuWeam2,https://static-cdn.jtvnw.net/emoticons/v2/emotesv2_282709ad8f52455da46a413c2cf45df6/default/light/3.0
emote,SayuwuWeam3,https://static-cdn.jtvnw.net/emoticons/v2/emotesv2_c86ba569643147c393eae3397bfc00ec/default/light/3.0
emote,SayuwuDespair,https://static-cdn.jtvnw.net/emoticons/v2/emotesv2_cfdae078eab84c8e875b2f5b5d07ba67/default/light/3.0
emote,SayuwuGimme,https://static-cdn.jtvnw.net/emoticons/v2/emotesv2_c53bec94d58a444b9e38825ccf28412e/default/light/3.0
emote,SayuwuComfy,https://static-cdn.jtvnw.net/emoticons/v2/emotesv2_61749954e07346c1b3cd094b821fb755/default/light/3.0
emote,SayuwuWave,https://static-cdn.jtvnw.net/emoticons/v2/emotesv2_7ee3713a737c4b2ebaedc72c4520ef6e/default/light/3.0
emote,SayuwuBongo,https://static-cdn.jtvnw.net/emoticons/v2/emotesv2_930daaffa9674af585a8de659b02eda2/default/light/3.0
emote,SayuwuDonkey,https://static-cdn.jtvnw.net/emoticons/v2/emotesv2_6314a159d2a84ca08dd22f453a70ff72/default/light/3.0
emote,SayuwuThink,https://static-cdn.jtvnw.net/emoticons/v2/emotesv2_aedfc3a768e04a0e94491643ce0accd5/default/light/3.0
emote,SayuwuRun,https://static-cdn.jtvnw.net/emoticons/v2/emotesv2_b0e7a6bc593540028f1e4ff88b654484/default/light/3.0
emote,SayuwuLate,https://static-cdn.jtvnw.net/emoticons/v2/emotesv2_50e8a3df08ac475b8730729a5e812dee/default/light/3.0
emote,SayuwuShake,https://static-cdn.jtvnw.net/emoticons/v2/emotesv2_45a853ee768a4835a8600939f25e0918/default/light/3.0
emote,SayuwuBonk,https://static-cdn.jtvnw.net/emoticons/v2/emotesv2_dffffeb0f7bc439998030363babac43b/default/light/3.0
emote,SayuwuRun,https://static-cdn.jtvnw.net/emoticons/v2/emotesv2_b0e7a6bc593540028f1e4ff88b654484/default/light/3.0
emote,SayuwuRip,https://static-cdn.jtvnw.net/emoticons/v2/emotesv2_7c364c4d795f444a99be79cb47a28dd0/default/light/3.0
emote,SayuwuSmirk,https://static-cdn.jtvnw.net/emoticons/v2/emotesv2_9ae31639cc1249759c688476b9048b0a/default/light/3.0
emote,SayuwuD,https://static-cdn.jtvnw.net/emoticons/v2/emotesv2_de772c4a04574a80a914da15024e3c96/default/light/3.0
emote,TurqitBlob,https://static-cdn.jtvnw.net/emoticons/v2/emotesv2_c5a1371bf5e24fc6b24487429be3e25c/default/light/3.0
emote,SayuwuTrain,https://static-cdn.jtvnw.net/emoticons/v2/emotesv2_276b7d5d6b77465486d0731d46cf914e/default/light/3.0
emote,SayuwuPanic,https://static-cdn.jtvnw.net/emoticons/v2/emotesv2_97b338f80b7f468d9c85b2758b98e812/default/light/3.0
emote,SayuwuNyoom,https://static-cdn.jtvnw.net/emoticons/v2/emotesv2_ca9e3cf16de349c99666af43a77b01ea/default/light/3.0
emote,SayuwuG,https://static-cdn.jtvnw.net/emoticons/v2/emotesv2_b7fea56e7e814ef69a08baa3d133700f/default/light/3.0
emote,SayuwuP,https://static-cdn.jtvnw.net/emoticons/v2/emotesv2_513c8cfaba2f4b86b52c1b8b42c5a6f2/default/light/3.0
emote,SayuwuWhite,https://static-cdn.jtvnw.net/emoticons/v2/emotesv2_5f06338889304913b0c2e74372294b0e/default/light/3.0
emote,SayuwuStick,https://static-cdn.jtvnw.net/emoticons/v2/emotesv2_ca302dc9e40d415693852ad66488cf46/default/light/3.0
emote,SayuwuOld,https://static-cdn.jtvnw.net/emoticons/v2/emotesv2_64b4208f6d474dd696129a941edd6b3c/default/dark/3.0
emote,SayuwuCheer,https://static-cdn.jtvnw.net/emoticons/v2/emotesv2_61dfc96e94f641158c76b6d15999ccb1/default/dark/3.0
emote,SayuwuCry,https://static-cdn.jtvnw.net/emoticons/v2/emotesv2_b81e7dfc53fe4b9a93d056780a1d12a6/default/dark/3.0
emote,SayuwuSqueeze,https://static-cdn.jtvnw.net/emoticons/v2/emotesv2_f3500cc6bff540c0a0e5736ac25fad4d/default/dark/3.0
emote,SayuwuKek,https://static-cdn.jtvnw.net/emoticons/v2/emotesv2_2494a167d776402e83a023cfbe06e078/default/dark/3.0
emote,SayuwuController,https://static-cdn.jtvnw.net/emoticons/v2/emotesv2_f171bff325094f00a69ab7886c2c50e0/default/dark/3.0
emote,SayuwuBeg,https://static-cdn.jtvnw.net/emoticons/v2/emotesv2_1cb5b464a2d24208854a403ee8b1c294/default/dark/3.0
emote,SayuwuRave,https://static-cdn.jtvnw.net/emoticons/v2/emotesv2_22ee167482c34e68aa4a34f3a4b432f8/default/dark/3.0
emote,SayuwuLul,https://static-cdn.jtvnw.net/emoticons/v2/emotesv2_70f7f0f6a46b4eb391d3884c1ced15cd/default/dark/3.0
emote,SayuwuCurse,https://static-cdn.jtvnw.net/emoticons/v2/emotesv2_663c32b43f904ee5b264f05688ef78a0/default/dark/3.0
emote,SayuwuLate,https://static-cdn.jtvnw.net/emoticons/v2/emotesv2_50e8a3df08ac475b8730729a5e812dee/default/dark/3.0
emote,SayuwuAssemble,https://static-cdn.jtvnw.net/emoticons/v2/emotesv2_0c210483595f4678a56622464d7b5523/default/dark/3.0
emote,SayuwuNodders,https://static-cdn.jtvnw.net/emoticons/v2/emotesv2_c3aafb1c421248c5adff636ca8277acf/default/dark/3.0
emote,SayuwuTails,https://static-cdn.jtvnw.net/emoticons/v2/emotesv2_d56de6bd645841e8afebc7410bab7290/default/dark/3.0
emote,SayuwuHypu,https://static-cdn.jtvnw.net/emoticons/v2/emotesv2_df371300c34e476696d091a7e4ead94b/default/dark/3.0
emote,SayuwuNom,https://static-cdn.jtvnw.net/emoticons/v2/emotesv2_2d6df7b265424a7c96a247fc2fb544eb/default/dark/3.0
emote,SayuwuOmnom,https://static-cdn.jtvnw.net/emoticons/v2/emotesv2_ee83d50dcd4946cc819ec1b7dcb3cf5e/default/dark/3.0
emote,TurqitGG,https://static-cdn.jtvnw.net/emoticons/v2/emotesv2_b8207ead224b40b6b73e25cfa562b7f6/default/dark/3.0
emote,TurqitHappi,https://static-cdn.jtvnw.net/emoticons/v2/emotesv2_1028874ef6954c259602d16afd351390/default/dark/3.0
emote,TurqitWag,https://static-cdn.jtvnw.net/emoticons/v2/emotesv2_be897d33ba7f41fca75a9e5b79a8ae9e/default/light/3.0
emote,TurqitRave,https://static-cdn.jtvnw.net/emoticons/v2/emotesv2_5d3de1d91c454e77bee140504e6958cb/default/dark/3.0
emote,TurqitHug,https://static-cdn.jtvnw.net/emoticons/v2/emotesv2_dbb69ad2f0c046058510080949793132/default/dark/3.0
emote,TurqitLick,https://static-cdn.jtvnw.net/emoticons/v2/emotesv2_992af5f27114454fa32c1ed6ef34f8e2/default/dark/3.0
emote,Capiva59Capiheart,https://static-cdn.jtvnw.net/emoticons/v2/emotesv2_90485f61ca8d420898a34c7e8e6be07d/default/light/3.0
emote,BettoaEmote5,https://static-cdn.jtvnw.net/emoticons/v2/emotesv2_cfbc74ee0e234d9982b5fd2682509a0b/default/light/3.0
emote,bettoaEmote2,https://static-cdn.jtvnw.net/emoticons/v2/emotesv2_e91b9e064328400ba8af6377489fdfd5/default/dark/3.0
emote,moonmkLovee,https://static-cdn.jtvnw.net/emoticons/v2/emotesv2_605d237bf2e549f5867da8639b415f7e/default/light/3.0
emote,moonmkPintShy,https://static-cdn.jtvnw.net/emoticons/v2/emotesv2_bf6ec4a1699e4bd2b98445d365f0d8f8/default/light/3.0
emote,moonmkAngry,https://static-cdn.jtvnw.net/emoticons/v2/emotesv2_3af7dd5d1e9345d8b3f7319746d2f0a2/default/light/3.0
emote,moonmkCry,https://static-cdn.jtvnw.net/emoticons/v2/emotesv2_0b8c50692dac4b4e9521146e2b5ed129/default/light/3.0
emote,moonmkAgua,https://static-cdn.jtvnw.net/emoticons/v2/emotesv2_c7d207c6887c4a0191fbef5c496d9ef9/default/light/3.0
emote,moonmkAnger,https://static-cdn.jtvnw.net/emoticons/v2/emotesv2_32f7a5d89d2b48b2b71c9adba110766e/default/dark/3.0
emote,moonmkPig,https://static-cdn.jtvnw.net/emoticons/v2/emotesv2_6358fdb068994f0bbf759895ab76dd8d/default/dark/3.0
emote,moonmkBonk,https://static-cdn.jtvnw.net/emoticons/v2/emotesv2_6a5ce18ad36746f5a4901a1c2a65db75/default/dark/3.0
emote,moonmkBanzin,https://static-cdn.jtvnw.net/emoticons/v2/emotesv2_43fe3e2d80584a18b0ed600bdd00ce5e/default/dark/3.0
emote,leaflitGun,https://static-cdn.jtvnw.net/emoticons/v2/emotesv2_542c5b3248d046dda4c8f3d3d03ea745/default/dark/3.0
emote,leaflitCross,https://static-cdn.jtvnw.net/emoticons/v2/emotesv2_454f26e779c84eefb4ed50719af13f5d/default/dark/3.0
emote,leaflitComfy,https://static-cdn.jtvnw.net/emoticons/v2/emotesv2_d071201b195048ec84a5c5745c2b04d8/default/dark/3.0
emote,leaflitSsalute,https://static-cdn.jtvnw.net/emoticons/v2/emotesv2_7190fdf0b39f40ef8158747124eda57e/default/dark/3.0
emote,leaflitWiggly,https://static-cdn.jtvnw.net/emoticons/v2/emotesv2_fd669ea4e5594b0f8197c217ad1a401e/default/dark/3.0
emote,leaflitWave,https://static-cdn.jtvnw.net/emoticons/v2/emotesv2_3de47d9b6ba5499ead94c63dd302665c/default/dark/3.0
emote,leaflitFacepalm,https://static-cdn.jtvnw.net/emoticons/v2/emotesv2_6d6cfbb2fe774d7dac040009ed9249a2/default/dark/3.0
emote,leaflitCoffee,https://static-cdn.jtvnw.net/emoticons/v2/emotesv2_28494d5ab3074277a892bb74c4cfbc8f/default/dark/3.0
emote,leaflitPain,https://static-cdn.jtvnw.net/emoticons/v2/emotesv2_e81d707d83be458197f4856b0904f39c/default/dark/3.0
emote,leaflitAngry,https://static-cdn.jtvnw.net/emoticons/v2/emotesv2_4d5073fa593f4932a0d1c61f0f900792/default/dark/3.0
emote,leaflitLul,https://static-cdn.jtvnw.net/emoticons/v2/307440133/default/dark/3.0
emote,leaflitPray,https://static-cdn.jtvnw.net/emoticons/v2/emotesv2_31af58d3c65048babee30fb45cf4b172/default/dark/3.0
emote,leaflitSweat,https://static-cdn.jtvnw.net/emoticons/v2/emotesv2_bc0e594ea85c4ca29b8f673b2afde798/default/dark/3.0
emote,leaflitCry,https://static-cdn.jtvnw.net/emoticons/v2/emotesv2_8a5cb6cb2a114b2698b48c808ca1590e/default/dark/3.0
emote,kirscheNotLikeThis,https://static-cdn.jtvnw.net/emoticons/v2/emotesv2_af2058691cfa444f8892ad3da2ef3108/default/dark/3.0
emote,kirscheBonk,https://static-cdn.jtvnw.net/emoticons/v2/emotesv2_970212bda61648b894a85c6dc294f50a/default/dark/3.0
emote,meiyaBinoculars,https://static-cdn.jtvnw.net/emoticons/v2/emotesv2_1928184220ff4b6d9bd849226f10c686/default/dark/3.0
emote,meiyaKnife,https://static-cdn.jtvnw.net/emoticons/v2/emotesv2_e55c039874f4484db9d90c99196fb690/default/dark/3.0
emote,meiyaComfy,https://static-cdn.jtvnw.net/emoticons/v2/emotesv2_f4e61b472c6a430692daefcc2a2276e5/default/dark/3.0
emote,meiyaGun,https://static-cdn.jtvnw.net/emoticons/v2/emotesv2_b1bf258fbdb84e0b8a6ab7fd8bdf2bf7/default/dark/3.0
emote,meiyaThisIsFine,https://static-cdn.jtvnw.net/emoticons/v2/emotesv2_1d4316f3b7f4428a8a042f043b5eb5d1/default/dark/3.0
emote,meiyaShy,https://static-cdn.jtvnw.net/emoticons/v2/emotesv2_8e1841b5b5fb4c52a4af1805cd3dca25/default/dark/3.0
emote,meiyaBLAST,https://static-cdn.jtvnw.net/emoticons/v2/emotesv2_468164d2062746bda87915380300e0a3/default/dark/3.0
emote,meiyaLeave,https://static-cdn.jtvnw.net/emoticons/v2/emotesv2_8d9e5a06bc6e4dca9a076cdb41ec3c89/default/dark/3.0
emote,meiyaWaiting,https://static-cdn.jtvnw.net/emoticons/v2/emotesv2_64c14c517f5d46978a55f5b6175f6d9c/default/dark/3.0
emote,meiyaSwingies,https://static-cdn.jtvnw.net/emoticons/v2/emotesv2_c251f47888744b0baa2d149d1062c1d6/default/dark/3.0
emote,meiyaPopcorn,https://static-cdn.jtvnw.net/emoticons/v2/emotesv2_35df13d5434b4dc6878d3a7db35e47d3/default/dark/3.0
emote,meiyaZoom,https://static-cdn.jtvnw.net/emoticons/v2/emotesv2_afcd5499a11f474e91fd9b40fd117fdf/default/dark/3.0
emote,meiyaRAVE,https://static-cdn.jtvnw.net/emoticons/v2/emotesv2_f54f0727a4c94499a27fb303c487d48c/default/dark/3.0
emote,meiyaClap,https://static-cdn.jtvnw.net/emoticons/v2/emotesv2_4b88f6cb895947ccbd365dc0a99978e1/default/dark/3.0
emote,meiyaHUH,https://static-cdn.jtvnw.net/emoticons/v2/emotesv2_bf40c2801f6e46f1a62dc39684272e80/default/dark/3.0
emote,databaseEZ,https://static-cdn.jtvnw.net/emoticons/v2/emotesv2_42fccd18c6614b58a9cd0e2b4cddd96d/default/dark/3.0
emote,databaseLULW,https://static-cdn.jtvnw.net/emoticons/v2/emotesv2_2557760cdede4f93a2d729adbeb37806/default/dark/3.0
emote,databaseAlienPls3,https://static-cdn.jtvnw.net/emoticons/v2/emotesv2_e862f5d11c234589ba84711b38ecbdba/default/dark/3.0
emote,databaseB,https://static-cdn.jtvnw.net/emoticons/v2/emotesv2_48264479d27e422ab31b7ef3b93a0c84/default/dark/3.0
emote,databaseSadge,https://static-cdn.jtvnw.net/emoticons/v2/emotesv2_e59f5b2d733f4548a5f5eb47cd05d76e/default/dark/3.0
emote,databasePeepoSad,https://static-cdn.jtvnw.net/emoticons/v2/emotesv2_5c861ad546d04bcb8461f04e85598714/default/dark/3.0
emote,databaseMhm,https://static-cdn.jtvnw.net/emoticons/v2/emotesv2_28e6b1c585f5445497d4a050d7383123/default/dark/3.0
emote,databasePOLICE,https://static-cdn.jtvnw.net/emoticons/v2/emotesv2_654ac724a46345f3aa44d7f811d3a067/default/dark/3.0
emote,databaseSadCat,https://static-cdn.jtvnw.net/emoticons/v2/emotesv2_8887a3f528774e96b3a2aa584f80b1ba/default/dark/3.0
emote,databaseSmile,https://static-cdn.jtvnw.net/emoticons/v2/emotesv2_71b56a79e6ce470cab89a91acf0d2ecc/default/dark/3.0
emote,rpfFire,https://static-cdn.jtvnw.net/emoticons/v2/emotesv2_3174a86fb4544abbb0922bade42f7a6c/default/dark/3.0
emote,rpfMinigun,https://static-cdn.jtvnw.net/emoticons/v2/emotesv2_e405f317c3c040c2913422530b85aac1/default/dark/3.0
emote,rpfCguy,https://static-cdn.jtvnw.net/emoticons/v2/emotesv2_0405879d634b4067939ea9ccec6dc28e/default/dark/3.0
emote,rpfRed,https://static-cdn.jtvnw.net/emoticons/v2/emotesv2_2e99506402b24e1297f508dcd2acf4ea/default/dark/3.0
emote,rpfBlue,https://static-cdn.jtvnw.net/emoticons/v2/emotesv2_f51c7f71aff64a72ad0431ef5a893782/default/dark/3.0
emote,rpfPS5,https://static-cdn.jtvnw.net/emoticons/v2/emotesv2_d2c541fa2c964ab09f08ff21a9c69264/default/dark/3.0
emote,rpfGG,https://static-cdn.jtvnw.net/emoticons/v2/emotesv2_ea62ea54a5334707aedb986d662525e1/default/dark/3.0
emote,rpfPANIC,https://static-cdn.jtvnw.net/emoticons/v2/emotesv2_083bce36612745fd922f7f0100e4031c/default/dark/3.0
emote,rpfRip,https://static-cdn.jtvnw.net/emoticons/v2/emotesv2_95b992bb3fa049f08641537578db5ed2/default/dark/3.0
emote,rpfRetro6,https://static-cdn.jtvnw.net/emoticons/v2/emotesv2_985ad335b8fb493ca78cb01611af5950/default/dark/3.0
emote,rpfClap,https://static-cdn.jtvnw.net/emoticons/v2/emotesv2_9b3aaae6adf14936836935e7a130b150/default/dark/3.0
emote,rpfLIZ,https://static-cdn.jtvnw.net/emoticons/v2/emotesv2_678cba35e2d04e6fa5c3c5bf6e4e388a/default/dark/3.0
emote,nemiLove,https://static-cdn.jtvnw.net/emoticons/v2/emotesv2_9c883675748b4ee4a72e784b59088e4a/default/dark/3.0
emote,llauqsGuaxinim,https://static-cdn.jtvnw.net/emoticons/v2/emotesv2_888eb7d28925489691495ccc830772ff/default/dark/3.0
emote,emberp10Shy,https://static-cdn.jtvnw.net/emoticons/v2/emotesv2_7baf04eca3234534b4338c456fff8453/default/dark/3.0
emote,nemiClap,https://static-cdn.jtvnw.net/emoticons/v2/emotesv2_697e30243f75451d91703b60f2ff4d73/default/dark/3.0
emote,nemiDance,https://static-cdn.jtvnw.net/emoticons/v2/emotesv2_33b266444c8943d3933559287eb09883/default/dark/3.0
emote,venaTeehee,https://static-cdn.jtvnw.net/emoticons/v2/emotesv2_582fe7c5237345f0be36f48ddab0364e/default/dark/3.0
emote,emberp10Angy,https://static-cdn.jtvnw.net/emoticons/v2/emotesv2_9afec1ec93a240449da265a59814ee39/default/dark/3.0
emote,emberp10Cry,https://static-cdn.jtvnw.net/emoticons/v2/emotesv2_aaf44078fe424aa39bc1a5b0d5cbd70a/default/dark/3.0
emote,venaComfy,https://static-cdn.jtvnw.net/emoticons/v2/emotesv2_f23ab29090bd4936b1d1f16562c24757/default/dark/3.0
emote,emberp10Lightstick,https://static-cdn.jtvnw.net/emoticons/v2/emotesv2_2388a2e1b1f249fcb15041d23574b06a/default/dark/3.0
emote,nomadl4KK,https://static-cdn.jtvnw.net/emoticons/v2/emotesv2_d8e29bebcbeb480697a724a2d2f1873f/default/dark/3.0
emote,rastam32GG,https://static-cdn.jtvnw.net/emoticons/v2/emotesv2_a7979240566145e0a3f1427d14d9edab/default/dark/3.0
emote,emberp10Love,https://static-cdn.jtvnw.net/emoticons/v2/emotesv2_3f7b8dd4cf264f3cbac9d022d00d9aaa/default/dark/3.0
emote,emberp10Hi,https://static-cdn.jtvnw.net/emoticons/v2/emotesv2_6345ec9df88741dc93b2e9010c9476ed/default/dark/3.0
emote,emberp10Rave,https://static-cdn.jtvnw.net/emoticons/v2/emotesv2_f7265bb1735a4f31bb83cceee24258b3/default/dark/3.0
emote,emberp10Raid2,https://static-cdn.jtvnw.net/emoticons/v2/emotesv2_253b55805a5d46088e16e6d2dd14142c/default/dark/3.0
emote,bistec3Shock,https://static-cdn.jtvnw.net/emoticons/v2/emotesv2_5054277623924fc8b9d37d46675994e2/default/dark/3.0
emote,bistec3Dance,https://static-cdn.jtvnw.net/emoticons/v2/emotesv2_cd766e32d75642d09a77bd05360f7a39/default/dark/3.0
emote,bistec3Danc,https://static-cdn.jtvnw.net/emoticons/v2/emotesv2_343dd93cd1064e56996901dd5f7f4774/default/dark/3.0
bits,Cheer1,https://d3aqoihi2n8ty8.cloudfront.net/actions/cheer/dark/animated/1/3.gif
bits,Cheer100,https://d3aqoihi2n8ty8.cloudfront.net/actions/cheer/dark/animated/100/3.gif
bits,Cheer1000,https://d3aqoihi2n8ty8.cloudfront.net/actions/cheer/dark/animated/1000/3.gif
bits,Cheer5000,https://d3aqoihi2n8ty8.cloudfront.net/actions/cheer/dark/animated/5000/3.gif
bits,Cheer10000,https://d3aqoihi2n8ty8.cloudfront.net/actions/cheer/dark/animated/10000/3.gif
bits,Cheer100000,https://d3aqoihi2n8ty8.cloudfront.net/actions/cheer/dark/animated/100000/3.gif
bits,cheerwhal1,https://d3aqoihi2n8ty8.cloudfront.net/actions/cheerwhal/dark/animated/1/3.gif
bits,cheerwhal100,https://d3aqoihi2n8ty8.cloudfront.net/actions/cheerwhal/dark/animated/100/3.gif
bits,cheerwhal1000,https://d3aqoihi2n8ty8.cloudfront.net/actions/cheerwhal/dark/animated/1000/3.gif
bits,cheerwhal5000,https://d3aqoihi2n8ty8.cloudfront.net/actions/cheerwhal/dark/animated/5000/3.gif
bits,cheerwhal10000,https://d3aqoihi2n8ty8.cloudfront.net/actions/cheerwhal/dark/animated/10000/3.gif
bits,cheerwhal100000,https://d3aqoihi2n8ty8.cloudfront.net/actions/cheerwhal/dark/animated/100000/3.gif
bits,Corgo1,https://d3aqoihi2n8ty8.cloudfront.net/actions/corgo/dark/animated/1/3.gif
bits,Corgo100,https://d3aqoihi2n8ty8.cloudfront.net/actions/corgo/dark/animated/100/3.gif
bits,Corgo1000,https://d3aqoihi2n8ty8.cloudfront.net/actions/corgo/dark/animated/1000/3.gif
bits,Corgo5000,https://d3aqoihi2n8ty8.cloudfront.net/actions/corgo/dark/animated/5000/3.gif
bits,Corgo10000,https://d3aqoihi2n8ty8.cloudfront.net/actions/corgo/dark/animated/10000/3.gif
bits,Corgo100000,https://d3aqoihi2n8ty8.cloudfront.net/actions/corgo/dark/animated/100000/3.gif
bits,uni1,https://d3aqoihi2n8ty8.cloudfront.net/actions/uni/dark/animated/1/3.gif
bits,uni100,https://d3aqoihi2n8ty8.cloudfront.net/actions/uni/dark/animated/100/3.gif
bits,uni1000,https://d3aqoihi2n8ty8.cloudfront.net/actions/uni/dark/animated/1000/3.gif
bits,uni5000,https://d3aqoihi2n8ty8.cloudfront.net/actions/uni/dark/animated/5000/3.gif
bits,uni10000,https://d3aqoihi2n8ty8.cloudfront.net/actions/uni/dark/animated/10000/3.gif
bits,uni100000,https://d3aqoihi2n8ty8.cloudfront.net/actions/uni/dark/animated/100000/3.gif
bits,ShowLove1,https://d3aqoihi2n8ty8.cloudfront.net/actions/ShowLove/dark/animated/1/3.gif
bits,ShowLove100,https://d3aqoihi2n8ty8.cloudfront.net/actions/ShowLove/dark/animated/100/3.gif
bits,ShowLove1000,https://d3aqoihi2n8ty8.cloudfront.net/actions/ShowLove/dark/animated/1000/3.gif
bits,ShowLove5000,https://d3aqoihi2n8ty8.cloudfront.net/actions/ShowLove/dark/animated/5000/3.gif
bits,ShowLove10000,https://d3aqoihi2n8ty8.cloudfront.net/actions/ShowLove/dark/animated/10000/3.gif
bits,ShowLove100000,https://d3aqoihi2n8ty8.cloudfront.net/actions/ShowLove/dark/animated/100000/3.gif
bits,Party1,https://d3aqoihi2n8ty8.cloudfront.net/actions/party/dark/animated/1/3.gif
bits,Party100,https://d3aqoihi2n8ty8.cloudfront.net/actions/party/dark/animated/100/3.gif
bits,Party1000,https://d3aqoihi2n8ty8.cloudfront.net/actions/party/dark/animated/1000/3.gif
bits,Party5000,https://d3aqoihi2n8ty8.cloudfront.net/actions/party/dark/animated/5000/3.gif
bits,Party10000,https://d3aqoihi2n8ty8.cloudfront.net/actions/party/dark/animated/10000/3.gif
bits,Party100000,https://d3aqoihi2n8ty8.cloudfront.net/actions/party/dark/animated/100000/3.gif
bits,SeemsGood1,https://d3aqoihi2n8ty8.cloudfront.net/actions/seemsgood/dark/animated/1/3.gif
bits,SeemsGood100,https://d3aqoihi2n8ty8.cloudfront.net/actions/seemsgood/dark/animated/100/3.gif
bits,SeemsGood1000,https://d3aqoihi2n8ty8.cloudfront.net/actions/seemsgood/dark/animated/1000/3.gif
bits,SeemsGood5000,https://d3aqoihi2n8ty8.cloudfront.net/actions/seemsgood/dark/animated/5000/3.gif
bits,SeemsGood10000,https://d3aqoihi2n8ty8.cloudfront.net/actions/seemsgood/dark/animated/10000/3.gif
bits,SeemsGood100000,https://d3aqoihi2n8ty8.cloudfront.net/actions/seemsgood/dark/animated/100000/3.gif
bits,PrideCheer1,https://d3aqoihi2n8ty8.cloudfront.net/actions/pridecheer/dark/animated/1/3.gif
bits,PrideCheer100,https://d3aqoihi2n8ty8.cloudfront.net/actions/pridecheer/dark/animated/100/3.gif
bits,PrideCheer1000,https://d3aqoihi2n8ty8.cloudfront.net/actions/pridecheer/dark/animated/1000/3.gif
bits,PrideCheer5000,https://d3aqoihi2n8ty8.cloudfront.net/actions/pridecheer/dark/animated/5000/3.gif
bits,PrideCheer10000,https://d3aqoihi2n8ty8.cloudfront.net/actions/pridecheer/dark/animated/10000/3.gif
bits,PrideCheer100000,https://d3aqoihi2n8ty8.cloudfront.net/actions/pridecheer/dark/animated/100000/3.gif
bits,Kappa1,https://d3aqoihi2n8ty8.cloudfront.net/actions/kappa/dark/animated/1/3.gif
bits,Kappa100,https://d3aqoihi2n8ty8.cloudfront.net/actions/kappa/dark/animated/100/3.gif
bits,Kappa1000,https://d3aqoihi2n8ty8.cloudfront.net/actions/kappa/dark/animated/1000/3.gif
bits,Kappa5000,https://d3aqoihi2n8ty8.cloudfront.net/actions/kappa/dark/animated/5000/3.gif
bits,Kappa10000,https://d3aqoihi2n8ty8.cloudfront.net/actions/kappa/dark/animated/10000/3.gif
bits,Kappa100000,https://d3aqoihi2n8ty8.cloudfront.net/actions/kappa/dark/animated/100000/3.gif
bits,FrankerZ1,https://d3aqoihi2n8ty8.cloudfront.net/actions/frankerz/dark/animated/1/3.gif
bits,FrankerZ100,https://d3aqoihi2n8ty8.cloudfront.net/actions/frankerz/dark/animated/100/3.gif
bits,FrankerZ1000,https://d3aqoihi2n8ty8.cloudfront.net/actions/frankerz/dark/animated/1000/3.gif
bits,FrankerZ5000,https://d3aqoihi2n8ty8.cloudfront.net/actions/frankerz/dark/animated/5000/3.gif
bits,FrankerZ10000,https://d3aqoihi2n8ty8.cloudfront.net/actions/frankerz/dark/animated/10000/3.gif
bits,FrankerZ100000,https://d3aqoihi2n8ty8.cloudfront.net/actions/frankerz/dark/animated/100000/3.gif
bits,HeyGuys1,https://d3aqoihi2n8ty8.cloudfront.net/actions/heyguys/dark/animated/1/3.gif
bits,HeyGuys100,https://d3aqoihi2n8ty8.cloudfront.net/actions/heyguys/dark/animated/100/3.gif
bits,HeyGuys1000,https://d3aqoihi2n8ty8.cloudfront.net/actions/heyguys/dark/animated/1000/3.gif
bits,HeyGuys5000,https://d3aqoihi2n8ty8.cloudfront.net/actions/heyguys/dark/animated/5000/3.gif
bits,HeyGuys10000,https://d3aqoihi2n8ty8.cloudfront.net/actions/heyguys/dark/animated/10000/3.gif
bits,HeyGuys100000,https://d3aqoihi2n8ty8.cloudfront.net/actions/heyguys/dark/animated/100000/3.gif
bits,DansGame1,https://d3aqoihi2n8ty8.cloudfront.net/actions/dansgame/dark/animated/1/3.gif
bits,DansGame100,https://d3aqoihi2n8ty8.cloudfront.net/actions/dansgame/dark/animated/100/3.gif
bits,DansGame1000,https://d3aqoihi2n8ty8.cloudfront.net/actions/dansgame/dark/animated/1000/3.gif
bits,DansGame5000,https://d3aqoihi2n8ty8.cloudfront.net/actions/dansgame/dark/animated/5000/3.gif
bits,DansGame10000,https://d3aqoihi2n8ty8.cloudfront.net/actions/dansgame/dark/animated/10000/3.gif
bits,DansGame100000,https://d3aqoihi2n8ty8.cloudfront.net/actions/dansgame/dark/animated/100000/3.gif
bits,TriHard1,https://d3aqoihi2n8ty8.cloudfront.net/actions/trihard/dark/animated/1/3.gif
bits,TriHard100,https://d3aqoihi2n8ty8.cloudfront.net/actions/trihard/dark/animated/100/3.gif
bits,TriHard1000,https://d3aqoihi2n8ty8.cloudfront.net/actions/trihard/dark/animated/1000/3.gif
bits,TriHard5000,https://d3aqoihi2n8ty8.cloudfront.net/actions/trihard/dark/animated/5000/3.gif
bits,TriHard10000,https://d3aqoihi2n8ty8.cloudfront.net/actions/trihard/dark/animated/10000/3.gif
bits,TriHard100000,https://d3aqoihi2n8ty8.cloudfront.net/actions/trihard/dark/animated/100000/3.gif
bits,Kreygasm1,https://d3aqoihi2n8ty8.cloudfront.net/actions/kreygasm/dark/animated/1/3.gif
bits,Kreygasm100,https://d3aqoihi2n8ty8.cloudfront.net/actions/kreygasm/dark/animated/100/3.gif
bits,Kreygasm1000,https://d3aqoihi2n8ty8.cloudfront.net/actions/kreygasm/dark/animated/1000/3.gif
bits,Kreygasm5000,https://d3aqoihi2n8ty8.cloudfront.net/actions/kreygasm/dark/animated/5000/3.gif
bits,Kreygasm10000,https://d3aqoihi2n8ty8.cloudfront.net/actions/kreygasm/dark/animated/10000/3.gif
bits,Kreygasm100000,https://d3aqoihi2n8ty8.cloudfront.net/actions/kreygasm/dark/animated/100000/3.gif
bits,4Head1,https://d3aqoihi2n8ty8.cloudfront.net/actions/4head/dark/animated/1/3.gif
bits,4Head100,https://d3aqoihi2n8ty8.cloudfront.net/actions/4head/dark/animated/100/3.gif
bits,4Head1000,https://d3aqoihi2n8ty8.cloudfront.net/actions/4head/dark/animated/1000/3.gif
bits,4Head5000,https://d3aqoihi2n8ty8.cloudfront.net/actions/4head/dark/animated/5000/3.gif
bits,4Head10000,https://d3aqoihi2n8ty8.cloudfront.net/actions/4head/dark/animated/10000/3.gif
bits,4Head100000,https://d3aqoihi2n8ty8.cloudfront.net/actions/4head/dark/animated/100000/3.gif
bits,SwiftRage1,https://d3aqoihi2n8ty8.cloudfront.net/actions/swiftrage/dark/animated/1/3.gif
bits,SwiftRage100,https://d3aqoihi2n8ty8.cloudfront.net/actions/swiftrage/dark/animated/100/3.gif
bits,SwiftRage1000,https://d3aqoihi2n8ty8.cloudfront.net/actions/swiftrage/dark/animated/1000/3.gif
bits,SwiftRage5000,https://d3aqoihi2n8ty8.cloudfront.net/actions/swiftrage/dark/animated/5000/3.gif
bits,SwiftRage10000,https://d3aqoihi2n8ty8.cloudfront.net/actions/swiftrage/dark/animated/10000/3.gif
bits,SwiftRage100000,https://d3aqoihi2n8ty8.cloudfront.net/actions/swiftrage/dark/animated/100000/3.gif
bits,NotLikeThis1,https://d3aqoihi2n8ty8.cloudfront.net/actions/notlikethis/dark/animated/1/3.gif
bits,NotLikeThis100,https://d3aqoihi2n8ty8.cloudfront.net/actions/notlikethis/dark/animated/100/3.gif
bits,NotLikeThis1000,https://d3aqoihi2n8ty8.cloudfront.net/actions/notlikethis/dark/animated/1000/3.gif
bits,NotLikeThis5000,https://d3aqoihi2n8ty8.cloudfront.net/actions/notlikethis/dark/animated/5000/3.gif
bits,NotLikeThis10000,https://d3aqoihi2n8ty8.cloudfront.net/actions/notlikethis/dark/animated/10000/3.gif
bits,NotLikeThis100000,https://d3aqoihi2n8ty8.cloudfront.net/actions/notlikethis/dark/animated/100000/3.gif
bits,FailFish1,https://d3aqoihi2n8ty8.cloudfront.net/actions/failfish/dark/animated/1/3.gif
bits,FailFish100,https://d3aqoihi2n8ty8.cloudfront.net/actions/failfish/dark/animated/100/3.gif
bits,FailFish1000,https://d3aqoihi2n8ty8.cloudfront.net/actions/failfish/dark/animated/1000/3.gif
bits,FailFish5000,https://d3aqoihi2n8ty8.cloudfront.net/actions/failfish/dark/animated/5000/3.gif
bits,FailFish10000,https://d3aqoihi2n8ty8.cloudfront.net/actions/failfish/dark/animated/10000/3.gif
bits,FailFish100000,https://d3aqoihi2n8ty8.cloudfront.net/actions/failfish/dark/animated/100000/3.gif
bits,VoHiYo1,https://d3aqoihi2n8ty8.cloudfront.net/actions/vohiyo/dark/animated/1/3.gif
bits,VoHiYo100,https://d3aqoihi2n8ty8.cloudfront.net/actions/vohiyo/dark/animated/100/3.gif
bits,VoHiYo1000,https://d3aqoihi2n8ty8.cloudfront.net/actions/vohiyo/dark/animated/1000/3.gif
bits,VoHiYo5000,https://d3aqoihi2n8ty8.cloudfront.net/actions/vohiyo/dark/animated/5000/3.gif
bits,VoHiYo10000,https://d3aqoihi2n8ty8.cloudfront.net/actions/vohiyo/dark/animated/10000/3.gif
bits,VoHiYo100000,https://d3aqoihi2n8ty8.cloudfront.net/actions/vohiyo/dark/animated/100000/3.gif
bits,PJSalt1,https://d3aqoihi2n8ty8.cloudfront.net/actions/pjsalt/dark/animated/1/3.gif
bits,PJSalt100,https://d3aqoihi2n8ty8.cloudfront.net/actions/pjsalt/dark/animated/100/3.gif
bits,PJSalt1000,https://d3aqoihi2n8ty8.cloudfront.net/actions/pjsalt/dark/animated/1000/3.gif
bits,PJSalt5000,https://d3aqoihi2n8ty8.cloudfront.net/actions/pjsalt/dark/animated/5000/3.gif
bits,PJSalt10000,https://d3aqoihi2n8ty8.cloudfront.net/actions/pjsalt/dark/animated/10000/3.gif
bits,PJSalt100000,https://d3aqoihi2n8ty8.cloudfront.net/actions/pjsalt/dark/animated/100000/3.gif
bits,MrDestructoid1,https://d3aqoihi2n8ty8.cloudfront.net/actions/mrdestructoid/dark/animated/1/3.gif
bits,MrDestructoid100,https://d3aqoihi2n8ty8.cloudfront.net/actions/mrdestructoid/dark/animated/100/3.gif
bits,MrDestructoid1000,https://d3aqoihi2n8ty8.cloudfront.net/actions/mrdestructoid/dark/animated/1000/3.gif
bits,MrDestructoid5000,https://d3aqoihi2n8ty8.cloudfront.net/actions/mrdestructoid/dark/animated/5000/3.gif
bits,MrDestructoid10000,https://d3aqoihi2n8ty8.cloudfront.net/actions/mrdestructoid/dark/animated/10000/3.gif
bits,MrDestructoid100000,https://d3aqoihi2n8ty8.cloudfront.net/actions/mrdestructoid/dark/animated/100000/3.gif
bits,bday1,https://d3aqoihi2n8ty8.cloudfront.net/actions/BDay/dark/animated/1/3.gif
bits,bday100,https://d3aqoihi2n8ty8.cloudfront.net/actions/BDay/dark/animated/100/3.gif
bits,bday1000,https://d3aqoihi2n8ty8.cloudfront.net/actions/BDay/dark/animated/1000/3.gif
bits,bday5000,https://d3aqoihi2n8ty8.cloudfront.net/actions/BDay/dark/animated/5000/3.gif
bits,bday10000,https://d3aqoihi2n8ty8.cloudfront.net/actions/BDay/dark/animated/10000/3.gif
bits,bday100000,https://d3aqoihi2n8ty8.cloudfront.net/actions/BDay/dark/animated/100000/3.gif
bits,RipCheer1,https://d3aqoihi2n8ty8.cloudfront.net/actions/ripcheer/dark/animated/1/3.gif
bits,RipCheer100,https://d3aqoihi2n8ty8.cloudfront.net/actions/ripcheer/dark/animated/100/3.gif
bits,RipCheer1000,https://d3aqoihi2n8ty8.cloudfront.net/actions/ripcheer/dark/animated/1000/3.gif
bits,RipCheer5000,https://d3aqoihi2n8ty8.cloudfront.net/actions/ripcheer/dark/animated/5000/3.gif
bits,RipCheer10000,https://d3aqoihi2n8ty8.cloudfront.net/actions/ripcheer/dark/animated/10000/3.gif
bits,RipCheer100000,https://d3aqoihi2n8ty8.cloudfront.net/actions/ripcheer/dark/animated/100000/3.gif
bits,Shamrock1,https://d3aqoihi2n8ty8.cloudfront.net/actions/shamrock/dark/animated/1/3.gif
bits,Shamrock100,https://d3aqoihi2n8ty8.cloudfront.net/actions/shamrock/dark/animated/100/3.gif
bits,Shamrock1000,https://d3aqoihi2n8ty8.cloudfront.net/actions/shamrock/dark/animated/1000/3.gif
bits,Shamrock5000,https://d3aqoihi2n8ty8.cloudfront.net/actions/shamrock/dark/animated/5000/3.gif
bits,Shamrock10000,https://d3aqoihi2n8ty8.cloudfront.net/actions/shamrock/dark/animated/10000/3.gif
bits,Shamrock100000,https://d3aqoihi2n8ty8.cloudfront.net/actions/shamrock/dark/animated/100000/3.gif